"Průměrná denní teplota vzduchu ve °C",,,,,,,,,,,,,,,,,,,,,,,,,,,,,,,,
"stanice: P1PLIB01",,,,,,,,,,,,,,,,,,,,,,,,,,,,,,,,
,,,,,,,,,,,,,,,,,,,,,,,,,,,,,,,,
rok,měsíc,1.,2.,3.,4.,5.,6.,7.,8.,9.,10.,11.,12.,13.,14.,15.,16.,17.,18.,19.,20.,21.,22.,23.,24.,25.,26.,27.,28.,29.,30.,31.
1971,01,-11.8,-14.8,-13.7,-11.1,-13.7,-14.3,-15.5,-12.6,-7.7,-8.6,-12,-8.4,-6.7,-4.6,-1.8,2,-0.4,-0.8,-0.8,2.2,0.4,0.9,3.6,5.7,4,5.8,6.7,4.3,3,0.3,1.9
1971,02,0.4,-3.7,-1.2,-1.4,0.4,1.7,1.5,3.4,4.6,2.4,2.6,2.8,5.9,3.1,2.1,2.5,1.8,2.4,3.7,2.3,1.5,2.5,1.3,1.6,1.8,-5.5,-7.7,-5.1,,,
1971,03,-6.3,-5.8,-8.7,-12.1,-11.7,-10,-5,-3,-2.1,-1.9,-2.3,-3.9,4,4.1,3.6,2.5,4.9,7.9,9.8,8.8,11.4,5.8,1.7,5.6,8,5.3,4.3,3.9,2.9,3.2,4.7
1971,04,7.5,6.9,9.1,9.6,8.6,9.9,9.4,10.3,12.6,10.1,8.2,8.8,9.1,5.6,7.4,13,8.2,8.1,11.7,9.8,10.3,13.2,14.5,10.9,5.8,3.9,7,3.6,7.4,5.8,
1971,05,2.8,4,6.3,7.6,9.1,10.2,9.8,11.3,14.1,13.3,15.4,19.9,17.7,19.3,17.1,19.5,21.9,22.1,20.1,17.7,16.3,12,13.2,13.8,14.9,15.1,17.1,15.4,13.6,12.1,14.3
1971,06,17.6,14.7,17.1,16.5,17.6,18.2,17,14.1,15.4,15.5,13.3,12.7,11.1,14.6,12.4,9.7,12.8,10.5,9.4,12.2,13,15.2,12.1,14.5,17.4,19.6,15.4,15.1,10.3,11.1,
1971,07,11.7,13.7,14.8,17.2,17.7,19.2,19.9,21.1,22,22.1,22.1,22.9,16.5,15.3,15.6,17.9,16.4,16.2,16.1,13.9,15.5,16.7,18.1,21,22.7,24.3,24.3,23.8,20.3,21.7,21.9
1971,08,21.7,24.5,26.1,20.4,21.3,23.8,23.4,17.6,18.9,21.4,23.3,18.3,20.3,24.2,20.7,18.6,16,18.7,21.7,23.9,23.4,18.6,15.2,13.6,14.3,16.6,17.8,15.5,17.9,19.7,15.2
1971,09,15.5,15.4,16.8,19.6,15,12.7,11.7,11.1,8.9,11.3,10.9,12.1,11.2,9.4,7.6,6.4,6.5,7.9,10.9,11.2,11.5,13.2,14.8,15.6,12.8,10.4,11.5,10.5,11.1,11.8,
1971,10,12.3,11.4,12.9,8.7,4.8,4,10.5,12.7,11.2,11.9,12.4,12.5,11.2,6.3,3.3,1.4,2.3,8.5,13.7,11.4,7.9,12.8,11.7,10,9.6,6,2.8,2.8,2.5,2.6,1.8
1971,11,6.1,8.6,8.7,11,8.6,8.5,6.3,7.5,5.9,2.7,1.9,0.8,1.4,3.5,5.3,6.3,4.4,7.1,-1.7,-4.7,-3.5,1.1,-0.9,-4.1,-1.5,1.4,2.1,2.9,1.7,1.8,
1971,12,1.9,1.4,2.6,2.6,5.3,6.3,4.2,-0.3,-3.7,2.4,6.6,5.9,4.9,5.5,4.4,5.2,2.6,-0.7,1,5.7,10.1,8.5,6.9,5.2,3.1,-0.4,2.9,3.4,-1.7,1.9,-0.2
1972,01,-1,0.8,1.6,1.9,0.4,-1,-0.2,-0.4,-0.1,0.5,-0.2,-2.6,-4.9,-6.5,-8.1,-9.8,-9.6,-6.4,-3.4,-2,-0.6,-1.4,-2.4,-4.2,-2.4,-3.2,-3.2,-2.9,-10.1,-9.4,-5.7
1972,02,-5.5,-2.6,-5.6,-5.6,-5.3,-3.4,-2.3,-0.1,1.2,1.1,0.8,1.4,2.1,1.8,1.9,0.3,0.9,2.7,5.6,2.7,1.1,3.6,3.6,3.9,5.8,5.2,4.8,4.9,3.4,,
1972,03,3.7,3.6,3.1,4.8,5.2,4.7,5.4,3.7,4.3,7.1,-1.2,-2.1,0.1,2.4,4.1,6.8,9.6,7.6,9.5,8,9.3,8.9,9.7,3.6,4.3,10.5,7.4,3.5,4.2,6.5,10.9
1972,04,4.6,6,11.2,9.7,9.4,9.5,11.7,9.6,9.4,9.7,8.4,9.3,8.4,8.8,7.6,7,5.3,6.1,7.5,6.6,9.6,11.5,9.9,3.7,0.5,4.7,5.9,4.1,8.8,12.8,
1972,05,14,15.2,10.8,8.4,12.5,14,15.2,13.2,14.4,13.1,8.8,10.6,9.2,6.7,8,12.6,12.9,13.5,12.9,12,12.4,13.2,15.7,17.7,15.8,16.7,13,9.7,11.6,13.7,13.4
1972,06,12.3,12.9,14,17.8,21.5,23.1,16.5,14.4,15.2,14.2,15,16.6,13.1,13.6,14.6,12.3,14.1,15.8,19.1,14.7,16.8,20.3,15.1,12.3,15.4,18.1,18.4,21.1,17.7,15.1,
1972,07,12.9,15.6,14.9,16.1,17.8,20.2,17.7,20.7,23.6,17.2,12,13.8,16.5,15.4,20.1,22.5,23.6,23,22.9,23.3,23.7,21.4,20.9,22.3,18.5,17.3,16.9,18.2,16.2,13.8,16.3
1972,08,17.9,16.2,15.2,13.8,17.5,18.3,18.6,21.8,22.5,22,21.7,18,21.7,25.1,23.1,16.9,15.5,13,12.2,12.8,14.4,13.5,13.2,14.7,14.3,14.2,14.5,15.1,14.3,13.2,12.2
1972,09,10.7,12,13.3,15,15.7,16,17.6,17.3,16.1,17.1,8.9,9.3,9.8,9.1,9.2,7.4,8.7,8.5,10.6,11.5,11.2,11.9,8.5,6.8,6.5,8.1,8,7.3,7.2,8,
1972,10,6.4,4.1,2.9,2.9,4.3,7.3,8.3,8.5,8.2,8.6,7.8,7.3,7.8,4.1,6.4,6.5,3.2,3.5,1,1.5,1.3,1.6,6.4,8.2,6.6,3.8,6.3,7.5,9.2,7.2,6
1972,11,7,8.3,8.9,7.6,8.6,9.9,9.4,10.7,8.8,8.3,4.7,3.1,5,4,1.2,0.6,2,1.1,0.1,0.5,4.9,5.3,4.6,0.6,-0.3,-0.8,-1.4,0.7,2.9,3.1,
1972,12,1.2,2.9,4.3,3.9,4.3,4.3,1.6,3.4,3.3,2.2,0.5,0.2,-0.8,-1.7,0.1,-2,-3.7,-2.8,0.6,-1.9,-4.4,-6.3,-6.6,-6.6,-5.1,-3,1,0.3,-4.7,-4.7,-3.3
1973,01,-3.5,-4.9,-6.2,-1,-1.7,-0.8,-1.3,-1.1,-0.8,-0.6,0.8,0.4,-1.3,-4.5,-3,-2.2,-2.1,-3,-2,-0.5,0.5,0.5,-0.3,-3.9,-1.9,-4.7,0.7,1.3,1.5,3.1,3.6
1973,02,1.6,1,-0.4,1,0.7,1.8,4.5,4.5,5.6,2.4,0,1.3,3.1,2,1.3,-0.3,-0.4,0.2,0.9,2.1,3.6,3.1,-0.3,-1.5,-1.8,-2.7,-4.3,-1.6,,,
1973,03,1.6,1.6,2.2,4,6.1,4.9,3.3,2.4,0.6,-0.3,0.8,0.5,0.8,0,1.4,2.6,3.2,4.3,2.1,3.6,5.5,6.8,7.2,8.9,9.7,9.4,7.9,9.9,9.2,9.1,5.4
1973,04,7.1,9.2,3.5,2.6,6,9.9,6.6,3.2,2.7,2.1,2.3,2.5,-0.5,2.9,4.9,6.1,4.8,4.4,2.8,4.3,2.4,3.7,7.6,9.7,4.6,7.8,9.9,14.3,13.5,13.1,
1973,05,17.8,17.3,14.8,18.3,21.4,12.3,13.4,8.4,7.7,9.8,9.5,10.1,13.2,14.4,8,7.2,7.7,12,15.6,14.5,18.1,16.2,15.3,12.9,11.5,11.3,12.4,14.2,17.3,15.4,16.4
1973,06,19.5,19.7,14.7,17,16.3,15.2,13.6,10.6,13.3,16.8,14.7,16.6,21.5,12.6,11.5,13,14.9,16.3,14.1,16.1,16.3,16.8,13.1,16.9,20,20.5,23.2,21,18.2,19,
1973,07,18.3,20.7,22.5,23.2,21.2,22.1,20.4,18.5,17.3,17.9,19.8,16.4,16,17.7,21,19.4,17,16.5,17,17.8,17.5,16.2,13.2,13.4,14.4,12.7,12.3,11.6,16.9,18.3,18.3
1973,08,18.5,20.2,19.5,18,19.4,24.1,20.8,14.6,15.1,19.1,21.2,20.7,18.4,16.3,17.2,18,19.8,21.7,21.9,20.2,14.9,15.3,14,17,18.5,16.3,16,17.8,18.8,17.5,13.1
1973,09,16,19.3,20.9,20.2,23.3,21.3,22.5,19.7,21.2,12.3,10.1,12,11.3,10.6,13.4,16.1,16.3,15.4,15.6,16.4,15,12.3,10.9,10.9,11.7,10.1,8.3,11.4,16.5,10.6,
1973,10,9.3,9.5,10.7,12.1,12.8,13.2,12.5,12.7,13,12.5,7.4,2.8,2.1,5.9,10.8,9.4,7.3,5,5.8,5.4,7.6,4.4,4.7,1.1,1,1.8,1.9,1.8,3.8,6.4,1.7
1973,11,-0.3,-1.4,-0.4,0,5,4.4,4.8,3.8,8.1,7.7,6.5,4.6,5.9,3.7,2.8,3.1,2.7,0.5,2.6,3.6,2.1,0.8,5.6,8.4,2.1,-0.9,-1.4,-4,-2.9,-7.2,
1973,12,-8.9,-10.2,-7.4,0.3,1.8,2.8,1.1,4.6,-3,-7.1,-5.8,0.1,2,0,-0.6,0.1,1.3,-0.7,-1.4,-1.1,0,3.1,2.3,0.4,0.7,0.8,1.2,1.3,1.7,0.9,-0.2
1974,01,-1.3,0.4,1.6,0.6,0.3,1.4,1.3,2.4,0.9,-0.9,2.2,3.5,0.3,0.6,3.9,5.6,3.7,4.8,8.1,6,2.3,-0.6,2.6,4.2,4.2,-0.6,2.2,4.1,2.3,3,2.4
1974,02,2.2,1.4,3.3,2.7,2,3.3,1.5,1.9,7.2,6.5,5.9,6.1,2.6,4.7,3.5,3.6,6.4,2.9,5,-0.2,1.9,3.5,2.8,1.7,0.6,-1.2,0.9,1,,,
1974,03,0.5,2.2,1.8,5.8,5,2.8,0.3,-0.1,1.3,2.3,2,3,2.3,4.4,3.7,4.7,7.8,12.3,8.4,10.8,13,10.4,10.4,9,11.3,11.6,11.9,12.2,12.7,12.3,11.6
1974,04,10.1,10,10.1,10.8,9.5,10.4,11.3,9.8,10.6,13.1,14.3,11.1,6.2,5.6,2.6,4.2,2.4,4.8,8.3,7.4,6.6,7.8,8.6,7.2,6.1,4.4,5.7,11.2,14,13.5,
1974,05,11.8,12.1,14,13.9,11.7,5.2,3.8,9.4,10.2,10.9,13,12.4,14.3,11.8,9.2,9.6,9.7,13.5,16,15.8,15.4,10.1,9.3,9.3,12.4,13.3,16,17.6,14.8,14.5,15.9
1974,06,14.3,12.9,18,14.1,14.2,13.3,10,12.5,9.6,10.7,11.7,9.4,13.3,15.4,13.3,14,16.3,16.4,14.5,13.5,15,15.4,16.3,15.4,17.3,19.8,16.9,15.3,15.4,15.8,
1974,07,16,13.9,16.2,14.2,16.2,16.1,11.9,14.2,15.5,15.1,16,16.4,18.2,17,17.5,20.5,15.6,13.1,13.1,13.2,14.4,16.7,20.1,17,11.9,13.8,18,20,20.3,21.1,21.4
1974,08,20.2,20.4,21.2,22.3,17.3,15.7,15,16.6,15.1,15.8,13.2,15.5,16.7,23.8,25.3,25.4,24.3,19.6,16.9,15.5,15.5,17.8,17.8,17.5,17.1,17.4,16.1,16.6,18,18.7,19.4
1974,09,16.6,17.8,17.3,12.6,17.3,16.2,13.7,15.8,19.9,12.2,12.6,13.8,19.3,17.7,16.2,16.6,16.4,14.8,13.4,11.8,9.5,12.3,11.4,9.5,9.1,8,9.4,12.8,6.9,6.6,
1974,10,7.2,6.5,6.9,6.4,7.4,8.5,9.1,5.5,5.9,7.7,6.7,5.2,4.9,4.4,3.9,3.5,5.2,5.9,6.6,4.4,3.8,3.9,3.8,5,6.8,3.9,5.8,4.6,4,2.6,1.9
1974,11,2.3,3.3,4.5,4.5,3.2,1.1,-0.5,-0.9,2.4,6,5.5,6,6,3.9,4.6,5.4,7.4,4.3,4.7,3,4.5,3.2,4.7,5.5,4.9,3,2.6,3.6,2.9,2.6,
1974,12,4.2,8.8,9.2,8.1,3,3,5.9,8.3,9.3,4,3.8,0.9,-1,-2.9,1.3,2.1,3.1,2.9,2.1,5.5,3.3,2.7,2.1,-0.1,4.7,9.2,7.8,8.8,9.7,3,2.1
1975,01,4.8,5,2,3,4.7,5.5,3.2,0.3,0.5,3.8,5.4,6.1,4.1,-0.5,1.1,0.6,1.6,4.3,3.5,2.3,3.8,3.2,5.1,4.6,4.3,2.5,2,3.8,2.1,2.4,3.4
1975,02,5.2,5.3,1.1,-0.6,-1.6,-0.7,-0.7,-1.8,-2.3,0.2,3.8,3.4,1.6,3.3,-1.2,-4.3,-2.1,0.7,0,-0.7,-3.4,-5.5,-3.1,-0.8,-0.7,-1.9,-1.1,0.9,,,
1975,03,1,3.7,6.4,4,6.7,7.5,6.5,7.8,8,7.9,7.5,7.8,5.1,4.4,5.6,4.2,1.2,1.1,7,5.9,0.5,0.1,0.6,0.8,1.2,1.4,3.2,5.1,2.4,1.7,0.6
1975,04,2.3,4.1,5.7,5.9,4.1,7.6,5.6,5.7,5.5,2.4,2.9,4.6,6.2,8.7,10.4,9,5.7,6.3,7,10.7,11,10.6,12,12.5,6.3,6.1,9.6,11.2,14.7,13.4,
1975,05,10.2,12.1,6.9,7.6,10.3,15.3,18.9,15.4,11.8,14.2,16.1,9.2,10.2,15.2,13.2,16.3,15.1,18.2,18.6,13.1,13.7,10.5,10.3,13,11.5,11.6,14.2,16,18.1,9.9,8.1
1975,06,10.1,7.3,10.1,8.9,10.7,12.7,15.5,12.6,13.7,12.8,17,19,19.2,18,21.2,16.6,15.7,11.4,14.7,17.5,20.7,21.5,21.3,21,18.7,18.8,17.9,11.8,13.7,11.5,
1975,07,11.4,18.4,20.2,19.7,18.9,19.8,19.7,20.2,22.6,18.4,21.4,19,20.9,22.5,21.6,20.2,18.7,19.5,16.3,17.4,16.1,18.6,21,18.6,12.9,14.4,16.2,18.1,19.6,21.2,19.5
1975,08,20,18.2,20.3,20.3,19.5,21.3,21.9,21.7,22.6,23.6,23.2,22.3,17.3,17,20,20.1,19.5,17.3,15.3,18.2,20.2,21.2,16.8,14.9,12.3,15.8,16.4,15.6,16.7,18.2,19.1
1975,09,18.4,19,19.4,18.4,14.8,15.7,12.3,13,14.2,16.8,17.1,15.3,10.8,14.5,15.6,18.9,21.1,21.5,17.5,17.1,16.8,14.5,15.4,15.9,17.9,14.1,16.1,19.7,19.5,18.9,
1975,10,16.9,14.6,14.6,12,10.6,12.3,10.1,8.4,7.3,2.6,1.5,4.2,7.5,4.8,8.1,8.2,10.2,7.9,8,5.9,6.7,8.1,7.7,7.9,4.7,3.7,2.9,1.2,1.4,3.2,2.3
1975,11,3.5,5.1,6.2,6.3,5.8,5.7,5.5,6.3,5.2,6.2,2.6,2.6,5.7,4.5,0.2,1.4,2.6,4.9,3.6,3.8,1.1,-0.9,-5,-6.3,-8.2,-5.3,-4.1,2.2,7.6,1.6,
1975,12,1.3,2.4,3.2,2,2.9,4.9,1.4,3.2,1.7,0.9,2,0,0.8,-0.6,-2.8,-0.8,-1.5,-6.5,-9.3,-2.6,0.1,1.8,1.7,1.3,1.1,1.7,4.4,2.5,-2.6,0.3,3.4
1976,01,3.8,2.1,4.5,-0.3,1.4,0.1,0.2,5.2,5,3.2,6,7.8,4,5.1,1.4,-2.2,1.3,0.3,1.8,4.2,3,1.6,4.8,-2.1,-2.3,-3.6,-7.7,-8.7,-8.4,-7.9,-4.6
1976,02,-2.8,-0.8,0.7,0.3,1.9,0.2,-1.6,-3.5,-3.4,0.9,1.5,0.6,-2,-1.8,-3.1,-0.3,-0.9,0.7,-0.3,-0.3,-0.7,-1.6,-2,-1.2,3.4,6.3,4.7,3.7,5.6,,
1976,03,7.1,3.4,1,-1.5,-5.3,-3.7,-3.6,-3.3,-3.1,-4,-3.1,-1.2,0.6,-1.5,0.9,3.4,2.6,2.7,-1.3,-3.4,-5.5,-4.2,-3,-0.7,2,6.8,4.8,6.2,10.6,7.3,10.1
1976,04,12,14.8,12.8,12.3,10.5,12.7,6.1,4,2.6,5,5.5,6.7,9,8.5,10.1,9.5,11.7,12.2,13.5,11.6,8.5,3.9,2.9,6.4,5.7,6.4,5,1.7,2.2,6,
1976,05,7.1,11.7,12.8,13.4,13.4,15.9,16.2,16.2,18.7,19.2,19.3,12.4,10.6,8.3,10.6,15.6,16,17.5,17.3,12.9,10.4,9.7,11.5,12.2,15.6,15,10.4,11.2,13,13.4,10.6
1976,06,13.1,10.5,10.3,9.2,12.4,15.3,17.7,19.4,16.1,16.9,16,16.8,16.8,17.4,18.3,11.3,14.9,19.8,20.7,20.9,18.3,19.2,19.9,20.3,20.9,22,22.1,23.6,24,22.9,
1976,07,22.3,21.2,20.9,23.8,21.1,17.9,19.6,21.2,19.2,17.4,20.6,22,20.7,17.1,21.6,24.7,26.4,26.8,25.1,19.6,18.7,16.5,17.6,15.5,14.5,17.9,20.3,16.6,14.3,18.9,18.3
1976,08,12.1,14,16.1,14.5,13.7,15.5,15.8,17.2,18.8,19.3,19.2,16.7,16.6,16.2,17.6,18,17.8,16.2,15,17.7,14.1,12,14.1,16,17.4,19.7,15.9,19.2,21.5,18.7,16.1
1976,09,13.8,14.9,10.7,11.5,11,12,14.4,15.7,16.9,11.8,11.1,14.9,17.9,11.6,10.3,11.9,11.5,10.3,11.8,11.4,10.2,12.6,11.4,11.5,11.1,11.3,16.1,17.9,16.3,13.1,
1976,10,11.2,14,14.4,13.1,11.4,12.4,16.5,15.6,15.8,15.7,12.5,15.2,16.6,11.2,9.4,8.2,5.7,6.2,6.7,7.7,4.9,6.8,6.2,5.4,4.1,5,4,8.1,7.5,9.4,5.2
1976,11,3.9,6.2,7.2,7.2,7.6,11,10.6,6.3,4.7,5.3,6.9,6.8,8.6,6.1,5,3.8,3.4,3.3,2.9,1.5,1.5,1.4,0.1,1.3,0.8,4.7,4.2,4.6,5.4,7.4,
1976,12,5.5,3.9,1.2,1.3,-0.4,1.6,3.2,4.8,4.3,1.3,-0.4,-1.1,-1.2,-2.9,-3.7,-4.8,-6.5,-2.8,-1,1,1.7,0.2,0.2,-1.3,-5.7,-6.7,-3.7,-5,-8.7,-10.4,-9.7
1977,01,-3.9,-0.3,0.5,-0.1,-1.9,-0.7,-0.2,-2.2,-3.5,-1.8,-2.9,-0.3,-1,-6,-1.9,0,-0.2,-2.1,-3.9,-2.9,-2.4,-3,-1.5,-0.6,0.9,5.1,5,4.1,1.1,-2.5,-6.3
1977,02,-7.7,-9.2,-11,-3.9,1.1,3.2,5.4,4.6,2.6,2,5.4,3,4.1,0,1.1,1.1,3.1,4.9,6.6,8.8,7.5,6.7,5.4,5.1,4.3,1.5,-2.4,-2,,,
1977,03,0.1,1.2,7.9,7.3,6.3,5.7,4.4,5,6.6,8.6,9.4,8.5,6.9,7,4.4,8.2,10.3,8.4,6.8,5.9,7.7,9.3,9.3,12.4,10.2,9.2,11.2,3.3,-0.9,-2,-2
1977,04,4.7,8.4,8.5,6.6,5.7,5.4,5.6,3.8,0,-1.8,1.3,2.8,5.8,3.3,2.3,3.1,6.9,5.1,4,4.6,9.8,14,12,5.9,8,11.6,11.5,9.3,12.3,11.8,
1977,05,16.9,13.8,16.8,23.3,15.8,11.2,9,9.1,10.3,12.8,14.9,16.7,11.8,10.6,9.9,9.9,11.1,12.9,14.4,16.3,9.4,9.4,11.5,12.8,14.2,9.3,10.6,12.6,16.6,12.3,7.6
1977,06,9,10.4,11.7,12.1,12.2,13.2,16.3,17,19.5,22.5,17.8,19.9,22.3,20.1,17.5,17.3,20.1,19.8,15.3,15.2,16.5,17.5,17.4,19.2,19.3,15.5,14.7,15.4,18.5,14.9,
1977,07,17,18,19.3,19,15.7,18.3,16.6,17,17.5,17,20.2,22,21.5,14.8,11.5,15,15.3,17.8,16.2,18.4,13.9,15,17.1,22,16.2,14.5,14.2,17.7,19.5,19.9,15.7
1977,08,12.8,14.4,14.9,18.2,19.2,19.8,20.7,19.5,18.2,14.3,13.8,16.9,17.3,17.2,15.3,14.8,15.9,17,14,16.5,16,12.2,13.7,13,15.6,17.6,18.6,17.1,17,20.6,20.7
1977,09,19,18.8,19.8,15.3,16.5,18.2,19.2,15.5,10.9,10.3,15,18.4,10.9,10.1,12.7,8.3,6.5,8.1,5.9,7.2,7.8,9,9.9,9.5,6.9,7.6,6.4,8.2,8.5,14.1,
1977,10,10.4,8.1,6.7,9.4,12.8,13,13.3,13.8,14,12.5,10.3,8.7,10.1,9.8,7.6,5.4,5.5,5,5,4.1,5,8.5,9.6,10.7,11.7,8.9,9,9.9,8.7,8.3,6.2
1977,11,7.3,6.1,14.1,10.8,9.2,9,10.9,10.3,11.3,12.9,12.3,10.6,3,4,5.4,3.5,1.9,2.6,2.3,2.3,0.2,2.7,3.2,4.8,3.2,1.1,0.4,-1.8,-3.3,-4.4,
1977,12,-0.6,-0.6,0.6,-3,-7.7,-7,-3.1,0.6,1.8,2.2,0.2,-0.9,-2.5,1.5,3.4,3.2,-1,-1.9,-3,-2.5,-2.8,-3.9,-0.1,9.4,5.8,5,4.9,2.7,2.3,1.5,1.1
1978,01,1.6,2.7,3,-0.2,-5.9,-1.7,1.3,1,0.5,2.2,-0.8,-1,0.9,0.8,0.6,0.6,0.3,-0.1,-0.3,0.4,0.5,-0.7,-0.4,0.9,2.7,0.4,0.7,-0.1,0.9,1.7,0
1978,02,-1.3,1.3,0.1,-0.7,-1.9,-2.8,-2.4,-3.7,-4.4,-4.3,1.2,-3.9,-4.6,-4.7,-3.9,-5,-5.4,-7.8,-8,-8,-6.7,0.9,0.2,1.9,2.4,1.3,4.1,2.6,,,
1978,03,3.8,4.7,6,4.4,4.7,2.3,2,4.2,4.6,5.1,6.5,4,2.2,6.6,7.4,8.2,3.3,1.1,2.2,2.9,1.8,0.3,2.4,3.1,5.9,4.1,5.8,9.1,12.5,12.7,12.3
1978,04,12.8,10.4,8.7,8.6,4.8,0.8,3.5,5.6,5.7,10.2,7.4,3.5,4,2.4,4.7,3.7,4.4,5.5,6.9,7.5,8,8.1,10.5,10.9,8.8,9.5,11.1,11.3,12.2,11.9,
1978,05,11.7,8.2,9.9,12.3,16.1,15.9,11.8,9.4,9.3,4.6,1.1,5.6,7.3,7.1,8.9,10.3,9.8,12,11.5,13,15.3,16.2,13.5,13.2,14.8,13.8,14.8,16.1,17.7,17,18.9
1978,06,19.8,20.8,19.9,19.8,19.3,20.1,21.1,17,18.6,14.4,12.4,10,10.6,12,14,14.4,15.3,14.2,15.7,16.6,17.1,16.1,18.3,11.4,11.8,12.4,11.6,11.9,13.2,17.8,
1978,07,13.8,17,16.5,15,13.5,14.2,13,13.3,11.8,12.4,15.2,16,18.2,17.7,12.7,13.2,15.2,16.4,14.9,15.3,12.9,12.3,15,16.8,18.8,21,22.2,22.9,22.9,22,21.9
1978,08,22.9,20.3,21.3,20.5,19.8,20,18.8,12.9,14,13.7,14,12.5,13.6,15.5,19.2,17,16.4,11.7,14.2,16.4,17.2,19.1,17.4,16.4,14.2,11.5,10.6,10.8,14.4,10.7,9.8
1978,09,9.6,11.7,11.3,13.1,14.1,15.4,13.4,13.5,15.6,18.1,16.3,10.7,11.4,16.4,14.5,13.2,17.6,12.7,9.3,8,9.8,11.7,13,15.4,16.9,12.1,10.2,7.9,8.8,9.8,
1978,10,8.2,9.3,10.2,7.9,8.9,11.5,11.6,11.6,10.1,9.5,9.7,9.5,12.1,10.8,9.8,8.5,8.6,7.2,5.3,5.2,5.4,7,7.4,9.2,9.4,5.4,4.4,7,9.3,8.6,8.6
1978,11,5.5,6.5,5.7,5.1,6.9,3.5,3.1,2.9,1.2,0.9,1.6,-0.7,-1.2,3.8,4.9,5.3,5.1,6.8,4.6,3.9,3.6,7,7.4,5.9,3.7,1.8,0.5,-1.1,1.1,-0.1,
1978,12,0.1,0.6,0.1,-5.2,-8.9,-8,-8.2,-5.4,1.4,6,3.4,2.1,5.8,5.7,5.5,4.6,-2.4,-5.9,-4.5,-0.4,-0.9,2.1,0.3,-0.5,4.1,6.1,6.4,8.2,9.5,7.3,-0.9
1979,01,-15.9,-11.2,-8.5,-10.8,-13.4,-13.2,-12.1,-4.1,-2.6,-1.7,-2.1,-0.6,-1.6,-1.7,-3.4,-3.1,-6.1,-9.4,-10.3,-9.3,-6,-3.2,-1.7,1,-3.1,-2.2,-0.1,0.4,-0.4,0.8,0
1979,02,0.9,2.8,-0.7,-0.2,-0.9,-2.4,-3.9,0.1,-3.8,-6.5,-3.1,-0.3,3.1,2.7,0.5,-2.5,0.8,1.4,1.5,-0.3,-1.1,-1.6,0.2,-0.8,-2.1,-2.9,-2.1,-2,,,
1979,03,-0.1,2.6,6.3,6.2,2.5,4,5.2,2.9,4.4,0.8,0.3,5,5.7,4,6.5,4.9,2.8,4.6,2,4.6,8.4,5.6,2.6,2.1,7.3,9.1,7.2,7.8,5.8,2.4,3
1979,04,4.1,6.3,6.1,2.9,5.4,4.6,1,2.3,3.7,7.2,9,11.9,13.3,13.4,12.7,12.7,5.7,2.9,4.6,7.7,7.3,9.5,8.8,10.8,8.9,7.8,7.9,6.2,7.6,5.4,
1979,05,5.4,6.1,3.9,6,4.7,4.5,6.8,9.8,11.1,9.9,9.5,10.4,12.3,13.9,16.4,19.5,19.9,19.4,19,23.3,15.6,17.6,21.4,20.1,14,19.5,22.1,15.7,19.2,20.9,23.4
1979,06,25.4,23.8,25,25.1,22.2,20.9,15.9,16.5,18.3,19.3,21.7,21.9,22,16.1,14.8,13,12.2,10.9,17.5,19,18.9,18.8,17.9,21.9,19.3,21.6,21.3,15.5,18.9,15,
1979,07,13.2,12.3,14.9,13.8,15.7,16.9,15.1,13.2,14.5,13.1,15.6,17.5,18.3,14.5,16.7,13,13.3,18.8,19.8,16.6,16,13.5,14,13.9,14.6,16.7,16.3,17.2,19.4,19.3,19.5
1979,08,18.8,23,21.4,15.7,17.3,18,21.5,19.1,17.5,14.2,12.8,14.2,15.6,16.4,20.6,22.2,19.7,17.1,17.6,17.2,18.1,18.4,17.1,14.7,11.3,10.1,12,11.5,13.1,14.9,16.8
1979,09,18.3,19.4,16.5,13.2,13.6,13.7,16.3,17.1,17.3,15.2,16.7,15.9,17.9,13.8,9.1,7.9,13.9,18.5,18.6,19.9,11.3,9,8.4,7.8,7.3,10.1,10.5,11.4,11,8.5,
1979,10,8.1,6.8,6,6.4,9.5,7.7,8.4,9.6,6.9,8.9,10.7,10.7,12.8,11.9,12.8,11.1,10.6,8.7,7.4,8.5,7.4,4.4,2.4,2.5,2.4,2.6,2.4,2.9,4.2,5.1,4.1
1979,11,5.1,5.3,2.8,3.5,5.6,5.6,4,7.2,7.4,4.3,1.5,0.3,1.9,2.5,4.3,2.8,1.1,2.3,2.1,2.8,1.1,2.4,1.8,1.3,1.5,3.6,5.3,6,9.5,7,
1979,12,8.6,7.8,9.5,7.4,10.2,8.5,10.6,9.2,7.3,9.8,8.1,-1.2,-1.5,1.3,4.6,4,6.5,3.2,1,-0.4,-0.4,5.7,5,2.1,1.7,-2.1,-0.2,-0.5,0.9,0.4,0.6
1980,01,0.3,-1.9,-3.8,-7.9,-5.7,-2.7,-1.6,-1.3,-4.6,-4.5,-8.9,-11.3,-14.1,-15,-14,-8.5,-9.6,-5.3,-2.4,-2.7,-1,-1.4,1,0.8,1.6,-0.3,-4.1,-7.5,-5,3.8,7
1980,02,1.4,2.4,3.5,1.3,4.4,5.7,4.6,4.9,4.2,4.1,4.8,3.2,1.4,0.8,0.6,2,2,-0.3,1.1,2.4,1.6,2.8,2.1,1.3,0.3,1.5,-2.8,-3.5,1.3,,
1980,03,4.6,3.7,-2.1,-0.9,0.5,2.2,3.4,0.6,0.6,1.1,1,1.4,1.9,5.9,5.4,6.8,4.9,3.2,-0.2,-2.5,-2.4,0.3,3,4.1,3.1,5.6,7.5,11.6,10.1,5.6,5.7
1980,04,7.8,6.1,1.7,1.3,1,2,6,4.5,3.3,3.6,5.5,6.8,8.1,10.3,12.1,13.4,13.3,9.2,4.7,2.9,3.4,3.5,0.5,1.5,3.2,4.2,6.1,7.6,9.6,11.6,
1980,05,12.1,8.1,6.1,5,7.8,11.1,12.6,13.3,7,10.2,11.7,11.5,10.3,8.6,8.2,9.9,9.1,9,13.3,12.6,11.9,8.9,11.1,9.9,12.8,14,17.1,13.2,13.9,13.3,12.2
1980,06,12.7,13.4,14.8,13.5,18.3,17.6,17.6,17.9,19.5,17.7,16.6,19.8,21.4,25.2,16.8,17.5,18,12.9,15.8,14.5,15.4,12.9,12.9,15.8,13.5,12.7,13,11.6,11.4,12.3,
1980,07,14.4,12.2,11.8,14.1,15.4,15.7,15.6,15.6,13.5,14.4,13.6,13.6,11.4,15,17,15,12.6,15,14.7,17.8,12.5,10.7,16.1,18.1,19.9,20.6,21.1,17.5,18.5,17.6,17.2
1980,08,18,21.4,25.1,22.5,22.5,18.8,20,19.2,17.6,17.1,18,16,13.8,16.6,17.9,19.7,19.5,17.9,17.3,16.8,18,10.9,11.1,10.7,10.7,12.5,17.3,17.2,19.5,17.2,14
1980,09,12.3,10.9,13.2,17.7,20.3,15.2,15.5,15.4,12.7,10.6,14.2,14.8,13.5,13.1,11.2,12.7,14.3,13.5,14.4,13.4,12,12.6,12.3,11.9,13.5,11.3,10.4,9.8,11.9,12.9,
1980,10,9.2,10.7,9,9.1,9.1,9.9,12.2,8.8,7.3,4.8,5.8,6.8,6.3,5.7,6.9,9.5,14.7,10.2,5.4,4.1,4.4,6.8,9.4,11.2,8.7,4.8,8.3,15.8,11.5,7.1,3.4
1980,11,-1.7,-3.5,-2.9,-3.1,-2.9,-0.3,0.4,0.7,0.6,-0.7,-1.1,-1.7,1.3,2.4,4.9,10.9,10,9.4,4.7,4.1,8.5,11.3,11.5,11.2,8.1,4.9,-0.5,0.3,0,-3,
1980,12,-8.6,-8.1,-3.5,-3.9,-5.4,-2.9,-8.4,-8.6,-4.2,0,2.9,2.6,4.6,6.5,8.4,3.1,-0.3,-0.1,0.1,0.2,1.4,1.6,4.9,8.3,8.1,2.8,-0.2,-0.5,0.7,2.2,3.4
1981,01,1.7,1.3,4.6,2.7,-1.7,-2.8,-6.7,-10.1,-7.4,-3.1,-2.3,-1.7,-2.9,-2.2,0.6,-2,0.6,0.8,0,-1.2,-1.4,-5.2,-9.6,-8.1,-1.9,-2.7,-8.1,-5.7,-6.7,-6.2,-0.4
1981,02,2.3,3.5,3,2,-0.1,1.5,5,6.4,5.5,2.8,-0.3,-2.3,-2.2,-3.4,-2.2,-0.1,-0.2,-3.2,-3.8,-3.8,-2.6,-1.8,-1.9,2.3,-1.5,-1.1,-2.5,-1.3,,,
1981,03,-0.4,1.2,0.9,0,1.3,2.2,8.5,9.5,11.1,7.9,13.6,9.5,7.8,7,5.7,5,4,2.2,3.5,6.8,9,11.9,10.9,11.6,12.4,11.6,7.7,7.9,10.5,12.3,12.3
1981,04,14.5,11.6,8.4,6.7,5.8,8.5,10.7,11.8,11.2,10.9,11.7,15,13.6,11.1,11.6,5.3,1.7,1.6,3.7,5.2,6.2,5.1,1.9,4.6,7.7,9.7,5.5,4,5.1,8.2,
1981,05,4.9,5.7,4.7,6.9,7.7,10.3,13.3,15.5,17.8,18.9,18.9,17.7,16,14.8,14.7,14.2,12.6,14.7,17.5,19,19.1,17.3,12.5,12.5,15.1,13.1,13.1,13.9,14.1,17.8,20.1
1981,06,22.4,24.2,24.6,17.8,16.1,19.6,19.5,19.3,22.3,18.7,20.5,18.4,14.4,21.2,19.9,16.4,11.7,11.8,9.3,12.1,9.7,14.1,15.8,13.6,14.2,16,20.4,23.1,18.8,13.9,
1981,07,16.2,21.4,19.6,15.3,17.7,19.3,20.5,21.2,21.7,21.7,23.4,20,18.4,17.1,14.8,17.3,18.2,13.6,9.7,10.8,14.7,16.9,19.5,15.5,12.3,13.4,12.6,13.2,16.4,17.3,17.7
1981,08,22.3,23.9,20.8,20.1,21.1,23.1,23.4,22.9,18.1,18.6,18.7,19.4,19.1,20.4,21.3,21.1,13.5,14.3,17,15.5,14.2,14.6,12.1,12.9,13,14.6,13.1,12.6,13.6,13.9,15.4
1981,09,15.1,13.6,13.6,13.5,13.3,14.1,15.7,18.7,15.6,15,14.6,15.9,14.8,12.2,11.4,10.6,11.3,12.3,13.4,15.8,19.2,20,14.7,13.7,13,15.1,16.3,18.1,12.8,12.7,
1981,10,14.3,12.2,14.2,12.9,11.2,16.7,13.5,11.8,13.1,11.6,9,5.8,6.2,6.1,6,5.4,6.7,11.2,11.1,12.8,8.5,3.7,3.8,2.9,2.5,4.1,3.9,4.6,8.6,9,11.1
1981,11,9.9,12.5,8.8,10.3,7.1,3.8,0.5,0,-0.2,-1.3,-0.6,2.6,5,1.2,0.6,0.7,-0.6,4.3,9.4,10.9,11.3,12.1,10.8,5.5,1.7,2,5.1,3.9,1.6,1.7,
1981,12,0.2,0.2,-0.5,0.9,-0.2,0.8,1.7,5.3,0.6,-2.4,0.9,-1.7,-6.5,-1.7,-2.1,-6.6,-9.2,-5.6,-5.9,-9.5,-10.4,-6,-4,-3,-2.4,-1.3,-2.6,-5.3,-1,-1,5.5
1982,01,3.1,3,5.1,7.5,7.5,-2.4,-8.3,-9.9,-9.4,-13.2,-12.7,-10,-12.8,-17.5,-16.3,-14.1,-11.2,-10.1,-10,-9.5,-8.7,-5.8,-1.8,-1.6,-1.3,-1,1.1,0.5,1.6,4.9,1
1982,02,-2,-3.1,-3.7,-5.4,-4.6,-0.4,4,3.6,1.9,3.4,0.9,-0.1,-0.5,-1.2,-0.6,0,2.4,0.2,-3.3,-3.6,-4.5,-2.6,-2.1,-2.8,-2.7,-2.6,-1.3,3.5,,,
1982,03,7.7,4,6.6,7,2.2,-0.4,1.4,3.7,3.3,6.6,3.4,4.2,2.3,2.7,4.7,6,6.8,3.1,0.2,3.4,3.1,2.8,4.2,4.1,5.8,7.5,10.1,10.2,9.5,8.5,5
1982,04,8.6,11.8,9.4,7.9,10.1,13.2,10,6.4,2.5,2.7,2.3,1.4,2.3,4.4,5.8,7.9,6.5,5.1,5.7,6.8,7.6,6.7,5.9,8.7,9.2,6.3,5.9,6.1,7,4.4,
1982,05,5.6,6.3,11.6,15.7,15.2,8.8,8.3,10.8,11.5,13.8,7.8,10.6,13,14.8,15.7,18.6,20.1,18.3,18,17.5,15.1,15.3,15.3,12.9,15.2,18.1,22.5,15.7,15.3,15.8,20.4
1982,06,22.1,23.2,24.4,25.5,25,22.3,20,19.8,18.7,17,20.6,15.2,13.3,11.2,12.1,12.1,12.1,15.6,16.8,15.4,18,19.9,18,18.2,20.1,19.4,15,16.9,15.4,13.9,
1982,07,16.6,19.4,24.5,16.1,17.6,18.3,16.2,17.9,19.2,20.9,22.5,21.6,21.6,22.7,25,24.1,19.5,15.2,18.1,21.6,21.7,20.3,21.1,21.6,19.2,15.9,16.4,18.3,20.3,22,23.1
1982,08,22.2,21.6,21.7,19,20.3,19.4,17.5,19.2,19.6,20.5,19,22.9,23.7,18.6,21.4,20.5,17.3,19.8,18,13.9,15.3,16,16.9,16.4,15.1,18.7,15.9,14.7,15.8,16.2,17.5
1982,09,15.9,14.9,16.2,18.3,19.9,21.3,18.3,18.1,17.3,16.5,18,17.7,19.1,18.4,18.8,18.5,19.2,18,19.7,20.1,18.3,13.7,13.4,12.2,13,16.6,13.2,12.4,11.7,15,
1982,10,15,15.6,11.7,9.9,12.2,12.2,12.1,10.3,9.1,9.4,8.3,9.3,11.3,11.3,9.1,7.5,6.9,10.8,9,10.2,10.8,8.1,12.1,12.3,9.3,8.1,7.8,5.3,6.2,7.3,4.7
1982,11,7.6,8.8,5.5,8,2.9,0.2,1.3,3.4,5.4,8.7,7.6,3.9,6.3,4.9,1,1,1.9,6.8,8.6,6.4,4.7,5.7,5.2,3.4,3.3,5.6,6.5,4,4.2,1.4,
1982,12,-0.2,3.5,-1.9,-1.2,-0.5,0.6,2.7,8.1,7.1,9.7,3.5,2.4,1.8,0.1,4.9,8.2,3.8,1.1,-0.6,5.6,3.2,1.2,0.3,-1.4,-0.4,1,4.6,2.4,0.6,-1,-0.2
1983,01,1.5,0.9,2.6,7.1,5.3,9.2,3.4,3,3.1,5.2,6.4,3.4,1.7,1.5,2.4,3.9,6.8,2.8,1.1,-2.4,1.8,3.9,2.6,-0.7,0.7,5.7,10.5,7.1,8.6,5.8,1.6
1983,02,6.1,1,0.1,-2.7,-2.2,0.5,-1,0,-2.5,-2.7,-3,-2.4,-2.4,-4.3,-8.7,-7.8,-3.7,-4.6,-3,-0.2,-3.9,-8.3,-5.7,-4.9,-3.4,-0.2,3.3,3.1,,,
1983,03,2.5,0.8,0.4,1,3.5,5.1,7.4,6.9,8.9,5.3,3.1,0.8,1.4,3.8,5,5.9,6.3,8.5,8.9,9,8.3,3.1,4.6,10.1,2.5,1.9,1.9,4.2,4,6.5,9
1983,04,6.2,8.6,4.8,4.2,4.4,6.1,5.8,12.4,7.3,9.7,14.6,6.8,3.6,4.6,5.7,8.6,10.8,11,13.7,14.4,17.3,12.7,13.5,12,13,16.4,15.7,16,13.6,14.4,
1983,05,15.7,10.7,10,9.6,9.2,9.4,12.4,10.1,10.3,13.2,12.4,16.5,16.9,16.9,18.9,19.7,20.6,16.4,12.2,15.2,20.7,14.8,14.4,11.4,10.4,11,9.9,12.2,12.9,15.5,18.5
1983,06,21.3,20,19,21,18.8,12.9,13.9,19.9,18.7,18.4,17.8,18.8,18.4,14.6,11.8,10.5,10.5,13.2,14,16.8,20.8,19.2,18.8,21.2,20.2,18.8,18.9,14.7,16.2,20.6,
1983,07,18,16.7,19.1,22,22.5,24.5,25.8,24.2,24.3,25,23.2,22.3,22.3,19.3,22.4,21.3,24.3,27.4,21.9,15,13.9,21,22.3,20.7,22.4,24,28.2,24.2,20.3,22,23.6
1983,08,27.8,20,10.9,10.2,11.3,13.3,15.6,19.8,20.2,19.7,20.3,21.2,15.1,14.2,17.1,21.6,19.1,20.5,21.7,21.8,21.6,21.4,22.4,23.2,22.4,21.4,20.9,18.6,18.4,16.6,19.5
1983,09,22.1,18,15.5,13.6,16.2,14.4,12.6,11.9,17.3,22.4,14,12,11.4,15.3,20.2,13.5,12.4,13.1,16.5,10.9,13,15.2,11,16,11.6,12.4,13.8,14.6,13.6,12.6,
1983,10,8.2,10.5,16,18.1,18.5,14.3,13.2,12.6,8.1,12.5,10.3,8.4,12,13.9,9.9,11.7,9.1,10.2,13.1,8.2,6.2,4,4.4,3.7,5.2,10,9.5,9,6.2,5,5.3
1983,11,6.7,8.8,6.7,7.5,7.3,4.5,4.5,3.9,3.6,2.5,3.5,-1.4,-3.7,-6.4,-5.1,0.9,1.4,-0.7,1.1,-2.2,0.7,-1.8,0.2,-0.7,3.4,11.5,10.2,4.8,4.4,-0.5,
1983,12,-2.8,-4.9,-9.2,-7.4,-5.4,-4.1,-0.4,-3.2,-0.6,1.4,-2.9,-7.3,-7.7,-5.4,-6.3,-2.9,-3,-0.3,-0.3,2.6,-1.6,1.8,4.8,7.4,12.2,7.2,4.1,6.3,6.9,5.3,3.6
1984,01,4.2,3.8,5.5,2,-0.4,0,2.1,1.6,0.4,-2.9,-1.6,-2.4,3.2,5.8,2.8,1.7,4.8,0.9,-0.8,-1.7,-4.2,-4.5,-0.1,1.2,0.8,-1.8,-1.9,-2.9,-1.9,0.4,0
1984,02,-0.3,1,3.6,2.5,5.4,4.3,2.5,0.7,0.8,0,-0.7,-2.3,-3.1,-3.9,-5.4,-6.6,-7.7,-6.2,-3.7,-0.8,-3,-1.7,-0.8,0.2,2.1,4.7,1.9,2,2.6,,
1984,03,2.4,1.9,2.2,0.5,1.2,3.6,3.5,-0.2,-1.3,-1.2,-0.1,1.1,1.9,3.9,3.7,4.4,2.9,0.4,-2.6,-1,0.8,2.3,2.2,3.8,6.1,8.4,6.6,9.5,9.6,2.2,4.9
1984,04,5.7,6.8,2.9,2.3,4.6,5.7,9.1,5.9,5.4,7,8.8,6.8,8.1,9,14.1,8.3,4.7,6.7,7.6,10.3,11.8,14.2,12.7,9.4,11.2,8.9,5.5,2.3,6.5,8.1,
1984,05,11,14.9,15.3,16.8,16.4,16.2,6.9,4.9,7.9,6.5,6.8,6.5,8.4,10.4,13.4,17.4,13.9,16,18.1,17.2,14.4,13.2,12.4,11.2,12.3,15.1,16.1,12.6,11.3,12.2,14
1984,06,16.4,19.3,21.6,19.9,17,11.1,13.9,11.5,12.3,16.1,12.8,12.3,17.6,16.9,12.1,12.6,15.3,17.2,18.4,20.4,18.2,18.3,15.2,12.1,10.9,12.3,16.3,14.9,11.5,12.7,
1984,07,15.3,13.7,10.7,11.6,12.5,11.8,13.5,18.1,21.1,26.2,28.5,25.3,19.8,20,15.4,13.1,12.5,14.1,14.2,14.7,15.1,16.7,16,15.9,18,14.9,13.7,14.7,17.9,21.8,24.4
1984,08,18.9,17.8,20.6,24,18.4,18.2,16.3,16.1,18.9,19,18.1,17.6,17.1,17.3,16.2,14.9,16.3,15.5,15.6,16.8,17.8,18.7,18.9,20.1,19.2,16.3,17,16.7,18.4,18.4,19.9
1984,09,18.6,18.1,20.7,20.8,12.5,10,11.7,10.7,12.2,12.6,10.9,12.1,12.2,15.9,15.6,14.3,10.8,11.2,12.5,14.7,13.6,9.2,11.2,8.6,10.6,10,10.3,10.7,12.2,11.3,
1984,10,13.8,11.5,12.4,11.8,11.3,10.8,9.9,8.8,14.2,14.8,14,12.2,9.7,10.8,11.7,7.1,7.4,12.1,14.1,12.7,8.7,10.5,13.2,11.6,12.2,10.7,8.6,4.2,3.8,3.7,5
1984,11,2.6,6.7,2.7,2.7,3.4,4.9,6.3,7.5,9.7,10.4,5,3.9,2.9,0.2,1.7,2.4,3.5,1.9,2.8,2.2,5.3,6.6,12.3,11.6,9.2,8.3,4.7,0.5,-0.5,1.3,
1984,12,2.3,4.1,3.5,1.9,-0.1,-0.9,2.8,1,3.7,3.7,6.6,1.9,-3.6,-1.4,-0.3,-0.5,-0.1,1.1,0.9,1.2,3.3,2.1,-0.7,-2.2,-4.3,-1.6,-2.1,-2.4,-3.8,-4.1,-7.2
1985,01,-4.4,-5.2,-6.9,-10.9,-10.7,-14.7,-20.1,-20.8,-19.1,-15.6,-10.5,-7.8,-10.1,-11,-2.8,-2.7,-5,-6.6,-9.9,-8.5,-3.4,0.2,2.7,-0.8,0.8,4,-0.9,-3.7,-2.4,2.3,3.9
1985,02,5.9,5.4,-1.1,-1.8,3,3.3,-3.2,-5.7,-6.9,-11.1,-14.4,-16.1,-14.1,-11,-10.6,-5.6,-6.6,-7.4,-6.5,-7.1,-3.1,-4.3,-3.3,2.4,3.8,2.2,1.7,0.6,,,
1985,03,0.4,0.9,1.8,1.7,2.1,2.3,2.4,2.4,0.6,-0.4,-0.3,1.5,0.9,3.3,2.5,3.1,1.9,0.4,1.2,1.2,5.1,7.8,6,6.3,6.5,8.9,9.2,1,3.9,10.8,12.1
1985,04,9.8,10.7,10.5,13,14.7,10.6,9.9,9.9,9.9,9.5,7.7,6.9,7.8,6,6.2,5.7,6.6,9.1,10.3,14.1,14.7,15.9,9.4,2.1,4.9,4.2,6.1,2.8,3.3,5.9,
1985,05,7.8,5.8,4.6,8.3,11.2,14.7,14.5,13,10.8,13.9,16.2,19.1,21.5,20.4,16.3,17.6,13.8,11.7,16.1,17.4,13.4,13.6,12.3,14.7,17.8,20.1,20.9,21.4,18.1,16.4,15.7
1985,06,16,14.1,17.2,19.6,20.9,21.2,18.2,13.8,11.2,9.9,10.4,13.5,13.1,14.4,11.2,12.2,10.2,10.7,14.3,12.5,12.1,14.1,13.5,15.8,14.8,16.3,14,12.6,16,19.1,
1985,07,14.8,14.3,17.2,18.2,19,20.2,16,13.9,15.2,14.5,16.9,19.3,20.8,23.3,21.2,20.1,19.5,21.1,21.3,19.2,14.7,16.3,19.4,18.8,20.6,22.1,21,21.9,22.3,19,16.9
1985,08,17.2,17,20.9,16.4,22.4,13.2,12.5,15.2,15.9,17.2,17.6,22.8,23.4,24.7,24.8,23.2,15.8,14.1,17.8,17.4,19.2,20.5,19,21.4,16.3,13.7,14.5,14.1,15.1,16.3,18.2
1985,09,17.4,15.6,15.3,13.7,13.9,10.9,9.8,9.5,10,11.6,15.1,12.7,13.6,13.5,13.8,13.8,15.2,16.1,17.8,19.7,20.5,20.9,14.8,14.9,14.8,12.7,12,13.5,11.5,13.1,
1985,10,14.7,17.2,19.8,18.5,13.4,14.9,14.2,13.1,10.1,11.6,14,11.2,8,8.6,9.8,5.9,8.3,9.2,6.9,4.5,5.5,7.1,4,4.3,5.4,1.6,0.7,0.6,1.5,2.2,3.9
1985,11,3.9,5.6,1.7,2.3,7.1,3.3,5.5,6.7,12.9,10.1,1.3,1.6,0.2,0.4,0,-2.7,-5.7,-4.7,-4.6,0.4,0,0.1,0.2,-0.2,-2,-3.2,-4.6,-3.1,-2.5,-2.7,
1985,12,-0.1,6,11,9.9,7.9,6,8.4,7.6,4.2,3.4,2.7,2.5,2.5,3.3,7.6,9.2,5.7,4.4,4.6,3.8,4.1,1.7,0.8,0.1,0.3,4.4,5.9,-0.1,-0.8,-3.2,-4.7
1986,01,-5.4,-2.2,2.8,-1.7,-2.2,-0.9,-1.4,-2.4,-6.5,-7.6,3,2.6,2.7,3.7,2,-0.8,-2.9,-0.9,6.7,3.7,3.4,3.5,5.4,2.3,-0.5,-1.9,-3.1,-4.1,-0.8,2.1,3.2
1986,02,4.8,1.4,-1.2,-2.8,-5.5,-6.6,-9.9,-11.9,-13.4,-8,-7.3,-7,-6.1,-3.4,-3.1,-2,-5.3,-3.2,-2.3,-8.4,-8.7,-8.7,-9.4,-12,-10.4,-10.3,-10.5,-8.9,,,
1986,03,-5.8,-3.3,-2.8,0.2,3.6,5.2,2.4,2.8,3.2,4.3,3.5,3.9,5.3,4.9,4.8,5.6,3.2,4.4,4.5,4.2,2.9,2.7,2.9,5.3,5.6,5.5,8.1,11.9,7,4.6,9.7
1986,04,7.7,8,9.6,4.9,4.7,5.5,13,14.3,15,3.6,-1.5,-1.3,-0.6,3.7,9.1,9.8,10.2,6.6,5.4,5.4,10.9,14,13.1,16.9,13.2,15.8,14.5,16.4,17.1,16.4,
1986,05,14.7,16.1,18.8,19.7,20,19.7,18.9,11.3,10.2,13.1,15.3,15.6,18.6,17.8,16.7,14.6,16.3,19.6,18.7,16.9,19.6,17.6,19.2,15.5,15,19.8,22.2,14.4,11.3,7.6,7.2
1986,06,11.2,11.1,12.3,10.8,9.1,10,10.2,13,16.3,17.5,17,10.7,12.7,19.3,21.7,23.8,23.8,22.7,21.2,22.8,19.2,18.4,17.3,17.7,18.7,20.5,22.2,22.4,20,18.6,
1986,07,21.6,23.1,24.4,24,25.3,19.2,13.9,12.9,12.9,13,14,14,13.5,15.1,17.9,20,22.4,18.2,12.8,14.4,17.2,19.9,20.7,12.8,15.9,16.7,20.2,21.8,23.1,21.9,22.2
1986,08,19.7,21.7,25.7,24.5,19.2,18.9,21.3,19.1,19.9,20.4,21.3,18.2,18.6,19.1,20.9,20.6,21.4,18.7,17.6,13.7,13.1,17.9,14.3,13.2,12.7,17.5,14.8,12.9,11.7,12.3,11.7
1986,09,11,12.8,15.9,11.7,12.7,14.5,12.6,13.8,11.2,11.2,12.2,12.8,11.9,18.3,20,14,12.4,9.3,8.1,10.1,14,14.9,13.8,12,9.3,9.3,11.2,12.1,12.8,12.4,
1986,10,12.3,14.9,13,9.1,8.5,12.8,13.9,12.3,12.5,10,9.8,11.3,11.9,10.2,9,7.2,7.1,7,10.4,9.9,8.1,14.2,6.8,4.6,6,8.4,5.3,5.6,6.6,5.8,8.9
1986,11,9.9,6.8,3.4,4.2,5.3,6.9,5,6.5,4.5,4.8,4.7,4.9,3.3,4,5.4,6.2,5.6,6.4,8,9.6,4.1,5,6.3,4.3,8,3.8,5.5,1.1,-2.5,-0.9,
1986,12,-1.2,2.8,5.5,7.4,6,5.8,5.5,0.1,-0.5,-1.2,1.3,-0.5,-1.7,0.5,0.3,2.6,2.4,5.6,3.9,1.3,0.5,-5.2,-4.4,-3.5,-6.1,-4.5,0.7,2.7,7.4,3.1,6.5
1987,01,5.4,1,-5.4,-2.9,1.5,0.4,-7.8,-6.8,-5.2,-9.9,-17.1,-16.3,-15.6,-17.6,-9.9,-8.5,-7.5,-7.1,-7.2,-6.8,-9.7,-4.9,1.1,0,0.4,-2.5,-7.2,-3.1,-7.7,-14.6,-15.3
1987,02,-13.5,-13,-9.6,-6.1,-3.9,1.5,2.5,1.1,5.6,4.8,3,2.1,2.1,2.1,1.8,1.2,-0.1,-0.7,-1,0.7,2.4,1.4,-2.1,-4,-3.1,-1.1,0.5,3.2,,,
1987,03,-1.6,-7.4,-9.5,-10.5,-9.3,-8.3,-7.7,-5.4,-4.1,-1.8,-5.3,-5.2,-4.8,-3.3,-1.8,0.6,-0.8,4.2,2.5,0.2,1.9,2.3,4,6.5,9.5,7,9.1,8,4.4,2.3,2.6
1987,04,3.3,4.7,6.6,10,8.6,8.8,11.9,12.9,13,9.4,8.1,6.4,7.4,6.9,8.4,8.9,11.5,11.5,12.7,10.9,7.3,5.7,8.5,11.9,15.1,12,8.3,10.5,15.6,16.8,
1987,05,18.3,18.2,11.1,8.8,9.8,8.4,8.8,10.1,13.9,13.7,9.3,13.4,8.5,8.1,11.2,8.2,11.5,13.8,15.2,8.6,8.6,5.8,11.2,13.3,13.2,14.2,15.9,13.4,13,11.9,11.1
1987,06,11.9,12.4,13.6,14.6,13.1,18.1,17,12.9,13.8,12.9,19,16.9,18.8,19.2,17.4,10.6,11.2,11,14,15.3,14.4,14.3,14.9,13.9,13.9,17.1,18,20.6,22.5,25.3,
1987,07,23.6,17.8,20.2,18,18.1,19.5,22.5,19.1,16.7,17,20.7,21.6,18.6,18.6,22,24.2,24.5,18.8,17.5,18.9,17.2,19.2,20.7,19.9,17.3,12.1,12.9,13.1,14.9,18.1,15.1
1987,08,15.4,13.8,16.8,14.4,11.3,10.4,11.5,16,15.8,13.4,13.5,14.6,14.9,17.7,16.3,15.2,20.1,19.7,18.9,18.3,19,19.9,20.9,22,20.6,16,17.2,15.2,16.1,16.5,14.6
1987,09,14.8,17.2,18.3,17.7,16.7,14.5,16.3,12.8,13,16.1,14.6,19.1,21.9,22.1,16.2,15.3,19.3,19.6,16,16.6,18.8,20.2,20.2,14.2,11.9,10.8,9,7.8,6.6,7.1,
1987,10,7.7,7.4,9,9.4,10.8,12.9,14.2,12,10,14.1,16,12.7,10.3,10.4,12.3,15.3,11.4,9.6,6.6,9.9,10.4,9.1,9.7,11.3,7.9,5,4.9,6.4,3.9,3.6,3
1987,11,6.3,8.1,6.2,5.8,3.7,5.7,4.4,0.8,2.6,2.3,6.2,7.5,8.1,6.1,3.7,6.6,8,7.5,7.3,5.8,4.4,3.6,3.6,5.1,6.6,1,3.7,3.2,1.4,1.3,
1987,12,1.7,0.9,-0.4,1.2,1.2,1.1,-1.6,-6.9,-8.5,-4.8,-0.5,-1.3,-1.7,-3.7,-3.8,0,5.4,10.9,7.1,7,8.4,6.5,1.8,-0.5,-2.7,3.5,6.8,9.3,9.1,7.9,2.3
1988,01,6.6,10.7,8.2,7.9,9.3,6.6,6.2,3.5,0.9,-1.9,-1.6,-2.8,-2.2,-0.3,-0.7,-0.8,0.4,0.6,0.7,0.9,0.6,1.8,1.7,0.2,2.8,6.4,3.4,2,3,3.9,3.1
1988,02,2.8,5.7,5.4,6.2,5.8,6.8,4.1,2.9,2.8,2.9,2.5,2.1,1.7,0.3,2.1,3.1,1.8,1.6,2.4,-1.3,-0.3,2.9,0.9,1.4,-0.9,-0.6,0.2,-0.3,0.5,,
1988,03,0.1,-1.9,0.3,1.8,1.6,0.2,2,-0.9,-1.2,0.8,2.5,1.2,-0.3,-1.6,1.4,6.2,2.9,0.4,1.6,2.5,6.4,6,6.6,5.6,6.5,4.2,3.6,4.3,5.7,8.3,8.7
1988,04,4.3,5.4,6.7,8.5,10.5,11.5,12.3,10.2,3.4,4.4,9.3,10.9,5.4,5.2,7.1,10.8,12.4,13.5,15.8,17.1,12.6,10.7,3.3,3.6,6.2,7.3,10.7,13.1,13.8,15.2,
1988,05,16.3,17.2,13.1,15.4,17.1,15.8,15.4,15.3,16.5,12.5,12,16.6,17.7,18.6,19,19.3,16.8,14,14.1,10.8,8.8,10.2,12.8,15.5,18.9,21,20.8,19,19.5,13,14.6
1988,06,14.5,12.4,17.4,15.6,13.2,12.6,15.7,16.8,17.7,16.6,15.4,15,16,19.6,18.4,17.8,16.1,18.7,15.7,13.9,16.1,17.3,11.2,13.5,15.5,17,16.7,19.1,19.2,23.3,
1988,07,21.5,17.2,16.2,18.5,21.8,19.3,17.1,17.1,16,18.6,22.4,15.8,19.1,16.2,15.2,14,15.2,16.4,14.4,20.2,20.5,23.7,26.6,23,19.9,23.3,16.3,18,18.6,17.5,18.3
1988,08,21.8,21.8,13.1,13.3,17.3,17.5,19.7,21.1,21,22.2,21.8,21.5,21.3,22.6,24.7,20.7,18.3,18.9,22.1,16,16.7,15.6,13.6,14.6,14,12.8,14.4,18.5,18.6,15.6,16.8
1988,09,20.5,14,13.7,15.6,16.1,15.7,13.7,14.1,12.7,14.7,17.3,14.8,12.8,12,10.8,10.8,11.6,13.6,13.8,12.8,11.7,13.1,12.8,14.9,14.3,17.2,15.8,18.7,15.1,10.1,
1988,10,10.5,11.4,12.7,11.4,13.9,12.3,10.7,8.8,12.8,12,9.8,15.7,14.2,15.3,12.6,12.2,10.2,10.7,12.1,10.5,9.4,10.3,7.3,9.8,5.7,2.8,5.5,6.6,5.7,1.2,3
1988,11,5.6,4.8,-0.4,-1.8,-3.4,-1.5,3.2,1.1,0.5,-0.8,1.1,0.6,3.8,5,2.5,4.9,4.4,5.9,1.6,1.2,-3.1,-6.5,-4.9,0.5,3,3.4,3.5,2.4,5.2,-2.4,
1988,12,-1.7,-1,0.3,3.7,4.7,2.6,1.2,1.5,2.7,4.7,7.6,5.1,3.3,2,-3.2,-3.4,-2.5,1.7,3.8,-1,1,5.2,6.6,7,3.7,6.9,7.1,4.4,2.8,3,3.7
1989,01,3.7,2,-2.8,-2.4,0.8,0.8,1.8,5.6,5.2,4.6,2.4,0.2,3.6,5.5,4.2,5.6,3.4,2.2,1.1,-0.9,-0.7,-0.9,1.1,-2.4,-2.5,-1.7,-2.4,-3.2,-0.5,1.6,2.6
1989,02,3.3,1.6,-0.3,-2.3,1.8,6.5,5.3,0.4,2.1,3.4,1.6,3.6,1.5,1.9,3,3.5,0.8,4.1,10.3,8.9,3.2,3.8,6.2,6.4,10.5,4.6,2.6,3.8,,,
1989,03,4.2,4.1,5.7,6.1,8.2,7.4,6.7,5.1,4,6,8.9,5.8,9.2,5.4,7.3,9.9,11.6,3.6,5.1,8.2,6.2,8.7,4.1,5.5,7.4,8.1,9,12.9,10.3,14.4,13.9
1989,04,7.4,2.1,3.2,2.8,8.8,9.2,8.8,11.3,8.4,9.2,14.4,17.6,16.4,15.4,10.4,12,6,6.5,7.9,10.1,13.6,7.4,8.6,11.9,11.9,16.2,5.8,3.5,3.1,7.3,
1989,05,9.8,12.9,13.6,14.5,15.9,8.6,9.3,8.8,13.6,14.7,14.6,14.1,12.2,12.2,13.6,15.9,17,18.9,18.4,17.3,17.3,14.1,15.8,17.6,18.2,17.9,20.1,16.8,16.3,16.2,11.3
1989,06,15.1,11.9,12.5,12,11.8,11.8,13.3,13.9,14.8,17.3,15.5,18.6,18.3,15.2,15.2,13.8,15.6,17.3,18.7,17.1,20.5,19.3,18.4,17.3,20.7,21.9,21.4,16.4,17,15.1,
1989,07,18,16.7,16.3,22,22.9,22.9,24.8,25.2,22,22,17.2,17.9,18.5,14.6,15.9,15.8,14.4,14.6,15.4,16.9,17.5,20.2,22.1,20.4,20.1,19.3,18.4,18.7,18.2,19.7,16
1989,08,12.1,12.5,11.7,14.8,18.1,20.1,20.4,19.5,18.5,19.7,21.3,20.2,19.9,22.3,24.2,26.5,21.6,19.2,20.7,22.8,23.5,22.7,18.3,18.4,16.7,15.3,17,12.1,11.3,13.4,13.7
1989,09,14.6,13.9,12.1,11.2,13.1,12,12.4,15.7,16.1,16.6,16.2,15.1,14.8,14.7,14.1,17.8,19.3,20.1,18.2,18.2,20.3,18.5,17.6,16.8,16.1,15.1,10.2,11.8,9.5,9.4,
1989,10,12.2,11.8,7.8,6.6,7.7,11.3,8.1,8.2,8.2,6.3,8.3,9.7,12.5,10.8,7.4,8,10,8.5,8.6,9.5,15.3,15.9,12.2,13.9,14.5,15.2,14.3,10.9,11.8,13.4,10.2
1989,11,12.6,10.4,9,8.7,7.5,7.8,5.8,4.3,4.7,2.5,0.1,-0.3,0.1,0.9,4.9,1.7,-0.7,-0.5,-0.7,-1.9,-1.5,-0.3,-1.2,0.6,-5.7,-1.7,2.2,0.2,-3.9,-7.1,
1989,12,-7.2,-6.1,-6.6,-4.7,-0.2,0.8,1.2,-3.3,-1.7,-6.6,-4.3,-0.5,6.1,9.4,9.4,10.8,7.7,9.8,7.3,7.6,12.6,8.5,4.9,4.9,2,0.1,-2,-2.2,-2.2,-3.2,-1.8
1990,01,-2,-1.2,-2.4,-3.7,-4.4,-5.3,-9.1,-8.9,-0.8,2.1,0.5,1.8,1.6,1.9,1.9,6.1,7.7,1.9,2.3,3.3,6.7,6.2,5.6,6.9,6.6,6.4,4.7,1.4,3.9,0.9,2.7
1990,02,5.5,5.1,7.3,6.1,4.2,2.4,4.4,9.8,3.7,4,2.9,2.8,1.1,4.3,1.7,2.1,1.2,6.4,9.1,10.6,8,7.5,5.8,10.5,13.2,8.9,2.2,4,,,
1990,03,3.4,1.7,1.1,4.1,5.7,7.8,9,8.5,6.8,6.7,13,10.2,5.2,6.7,7.7,8.5,8.8,10.3,10.6,10.5,14.6,15.8,8.4,10.8,5.7,4.6,6.1,7.2,7.4,9.7,9.4
1990,04,11.8,13.3,14.5,6.5,5,4.9,3.8,4.1,3.6,4.4,4.3,6.4,9.1,11.3,8.1,7,6.9,8.8,9.4,12.7,9.7,9.7,8,8.2,9.2,9.9,8.4,6.7,9.1,12.2,
1990,05,16.3,15.9,14.6,17.2,17.8,17.8,18,16.7,16,18.4,14.5,15.4,16.6,16.4,16,17.7,16.6,11.8,12.3,14.2,17,17.4,18.5,17.8,11.8,12,13.1,9.8,9.8,11.8,15.6
1990,06,17.1,16.5,13.5,15,14.8,14.8,16.8,14.6,13.7,11,14.3,17.5,17.3,15.7,15.1,15.5,17.6,19.8,21.4,24,16.3,16.7,13,16.8,18.1,21.9,23.3,21.8,23.5,25.3,
1990,07,19.5,17.6,18.7,13.8,17,15.1,14.3,17,19.7,14.7,15.9,19.6,20.4,16.2,18,22.3,18.3,16.8,15.6,21,22.7,19.9,17.2,17.3,17.4,19.2,20.2,23,26.1,22.9,23.8
1990,08,24.8,22.9,22.5,23.7,27,15.7,15.1,15.9,18.2,20,19.6,23.3,26.1,22.9,18.8,20.1,13.9,16.4,15.8,18.4,13.2,14.1,15.1,16.9,21.6,21.2,21.3,22.6,24.4,22.3,20.9
1990,09,14.7,13.8,14.7,13.5,11.8,14.3,11.9,11.5,13.1,10.5,12,11.4,12.2,12,11.8,10.3,10.4,9.9,14.8,11.9,8.1,10.1,14.1,10.8,10,10.6,9.1,10.7,13.5,17.3,
1990,10,16,11.5,12.3,10.5,10.3,13.6,15,8.7,8.3,9.9,11.3,11.2,12.2,14.1,14.7,13.3,13.4,12.3,10.5,10.6,4.8,2.6,3.9,4.1,4,4.9,3.6,8.7,6,6.7,8
1990,11,8.2,7,5.6,3.6,2.4,2,3.5,4.2,3.3,-0.8,3.2,7.2,7,5.7,8.9,7.8,11.4,6.3,3.5,6.1,5.2,3.3,3.3,1.1,3.7,4.2,1.7,1.6,2,-0.2,
1990,12,-1.9,-0.1,-0.6,1.2,0.5,-3.5,-8.7,-7,-0.8,4.3,1.7,0.5,1.4,-0.3,-1.5,0,-1.2,-0.6,-0.3,-0.6,1.8,3,3.1,-1.9,-3.2,-1.2,4.2,1.6,5.6,7.8,4.8
1991,01,2.9,4.5,9.9,8.9,3.7,4.6,5.5,6.2,8.3,13.5,8.5,4.9,1.2,-2.3,-4.3,-3.3,-4.9,-5.7,-5.3,-5.9,-0.1,0.6,1.2,0.4,-1.1,-2,-0.2,-0.1,-0.3,-2.8,-7.9
1991,02,-8.9,-8.2,-8.7,-7.1,-10.5,-12.4,-6.1,-3.6,-2,-1,-4.7,-5.3,-5.4,-7.8,-3.5,-2,-3,-1.4,-1.1,4,-1,0.4,3.5,5.8,4.1,3.7,-0.7,-0.7,,,
1991,03,0.9,1.8,3.6,4.1,2.8,4,5.3,7.7,7.8,8.7,8.4,7.5,6.4,4,8.8,10.8,9.5,9.9,9.7,10.3,13.2,8,7.4,7.6,6.3,3.3,3.1,0.8,2.2,5.3,3.5
1991,04,7,11.3,13.1,10.4,9.8,9.5,9.3,6.9,8.6,9,9.4,10.4,11.5,11.7,11.2,5.6,4.2,4,2.8,1.2,1.4,4.7,4.4,5.8,5,8.3,10.8,10.4,9,8.2,
1991,05,11,9.8,6.6,7.6,7.8,9.4,6.9,7.8,10.5,10.9,14,9.4,10.4,10.9,6.5,6.9,9.4,8.9,8.8,14,15.5,15.8,6.8,6.8,7,7.6,11,12,14.3,15.2,18.4
1991,06,15.6,12.4,13.3,11.2,10.2,13.2,16.5,16,16.8,17.8,14.9,19.1,19.1,15.4,19.2,16.4,11.5,11.4,13.8,13.3,14.6,20.8,21.7,18.3,18.4,21.6,14.4,11.8,12.3,16.3,
1991,07,19.3,19.7,18.8,20.7,22.4,22.7,23.4,25.3,21.1,22.2,24.6,27,20.5,18.1,19.4,20.1,17.1,17.8,21.1,18.8,16.9,19,20.2,20,16.7,13.8,15.7,20.1,20.5,21,18.5
1991,08,20.2,18.2,19.8,20.6,20.1,21.4,24.3,26,19.8,19.3,22.4,18,18.3,18.4,18.4,20.2,20.4,15.9,15.5,14.4,15.7,17.1,19.5,20.6,17.9,16.1,15.2,15,14.2,15.2,16.1
1991,09,17.2,18.4,18.6,18.2,18,13.7,12.2,12.8,13.9,17.4,16.7,12.8,12.5,14.6,18.3,18.2,17.6,14,16.3,12.7,12.5,17.5,13.2,14.6,16.7,16.3,12.7,12.1,16.7,13.7,
1991,10,14.2,11.3,9.9,11.7,11.5,10.2,14.6,16.4,12.5,10.8,11.5,13.6,13.8,12.6,12.1,12.6,12.1,8.9,6.6,5.2,1.1,3.2,4.6,5.2,3.2,0.7,0.5,0.8,0.1,0.6,0.2
1991,11,0.8,1.8,7.9,6.6,5.5,3.6,4.7,9.5,4.8,2.9,4.3,5.1,5,4.4,4.6,2,1.4,2.1,2.4,2.1,1,-1.1,-0.8,0.4,2.8,3.7,3.8,2.5,1.6,0.8,
1991,12,1.4,0.1,-0.4,0.6,1.5,-0.8,1.1,-0.9,-10.2,-9.6,-5,-8.1,-8.7,-1.1,-3.7,-4.7,-3,3.3,2.8,2.6,0.7,2.4,9.5,3.1,0.9,1.1,2.6,-1.9,0.2,3.2,-0.3
1992,01,-1.1,2.7,4.6,4.5,4.7,7.5,4.8,4.1,6.6,1.4,0,3.1,-0.9,1.8,4.3,3.3,2.5,3,2.3,-5.2,-7,-3.4,-1.3,-0.2,-1.3,0.1,-0.1,-0.4,-0.6,1.1,1.5
1992,02,-0.3,0.2,1.5,1.5,2,5.5,6,3.7,-0.7,2.7,4.9,7.5,9.3,4.9,6.7,2.7,-2,-4,-1.8,-1.1,1.5,2.4,3.6,3.4,2.9,3.5,4.4,2.8,4.2,,
1992,03,1.8,5.2,6.8,7.6,7.1,6.6,5.2,4.5,4.6,4.6,4.3,6.2,5.1,0.8,2,1.4,3.2,4.8,7.3,7.6,7.9,4.4,5.6,3.7,3.6,3.1,1.8,2,0.4,4.3,7.5
1992,04,6.5,7.1,8.3,7.3,4,4.4,5.7,6.3,8.3,7.5,8.6,12,10.2,8.5,9.6,6.4,3.3,6.6,9.8,5.4,7.6,11,8.7,12.1,18.1,17.4,11.8,14.4,8.6,11.1,
1992,05,15.1,14.8,10.2,11.7,12.4,13.6,13.9,17.3,11.1,12.6,11.2,13.2,18.3,18.9,19.2,19.2,13.3,13.5,15.1,16.8,18.2,18.1,19,19.2,16.9,15.8,15.4,15.9,14.9,15.7,17.7
1992,06,19.6,20.8,18.9,17.5,21.4,15.4,15.5,15.2,17.3,15.1,13.3,16.6,19.8,19.8,20.4,21,18.2,19,20.7,22.8,21.5,21.2,19,16.7,18.6,18.4,18.2,19.5,21.5,22.1,
1992,07,24.3,21.5,20.3,19.4,17.5,16.5,15.2,19.9,19.9,18.5,17.3,17.1,18.3,19.3,17.4,19.1,22.2,21.5,21.5,24.5,26.6,21.1,19.1,20.9,21.9,22,24.3,17.7,18.6,23.9,19
1992,08,20.8,23.3,26,20.6,20.1,23.7,24.7,27.3,28.7,22.2,18.8,18.8,18.2,16.8,15.7,18,21.4,20.6,24.2,24.1,22.5,19.7,17.6,18.4,23.5,21,22.5,25.8,26,21.4,22.6
1992,09,12,14.9,17,13,11,10.8,14.5,15.1,13.3,15.6,18,15.3,16.3,13.8,13.1,15.4,13,11.6,13.6,15,14.9,17.3,17,15.5,17.1,16,15.6,15.7,14.6,11.6,
1992,10,11,11.6,13.1,11.3,14.3,17.5,13,10.4,9.1,8.4,7.8,5.3,3,4.4,10,5.9,2.2,2.3,5.7,5.7,6.5,4.7,6.1,3.6,3.9,5,4.4,8.6,7.3,5.5,3.2
1992,11,2.7,3.9,6.8,6.1,8.6,10.4,9.3,5.5,0.4,4,8.9,4.7,2.5,3.2,2.5,5.3,4.2,2.9,4.6,2.7,2.6,2,3.6,4.7,4.8,9.1,3.6,5.3,-0.1,1.1,
1992,12,3.2,2.3,7.6,6.3,4,1.1,1,2.1,1.8,2.4,1.6,2.2,2.8,4.2,1.3,1.8,0.6,0.1,0.1,0.6,1.1,1.6,-0.4,-5.5,-7,-7.9,-5.6,-6.4,-8.9,-7.6,-5.5
1993,01,-6.4,-11.5,-12.8,-8,-6.7,0.7,5,3.9,1.9,7.8,12,9.6,5.4,8.3,3.7,10.1,9.4,5.8,4,7.9,8.6,11,4.7,9.6,2.9,-0.2,-1,-0.8,-3.4,-8.4,-11.5
1993,02,-11.6,-10.9,-6.9,-6.1,-2.3,0.5,1.3,-2.7,-0.9,-2.1,-2.6,-2.2,-3.3,-1.8,-0.1,-0.9,2.3,2.5,3.1,1.6,-1.3,-5.8,-5.5,-2.9,-2.8,-2.8,-3.5,-2.2,,,
1993,03,0.7,-1.6,-3.6,-5.2,-3.2,2.2,1.6,-1.2,-2.5,1.8,1.6,4.4,7.5,6.5,6.9,10.2,10,11.1,7.3,7.3,11.3,12.3,7.3,5.7,2.9,0.7,-1.1,-0.4,-0.5,1,4.6
1993,04,7.9,5.8,5.8,7.5,6.3,8.2,6.4,5.6,3.3,4.7,5.5,6,7.6,8.2,10.7,7.9,10.5,11.6,9,9.9,14.4,16.6,16.9,18.5,19.1,19,18.2,18.9,18.5,17.5,
1993,05,18.1,17.4,14.2,10.8,8.3,12.3,15.3,13.8,17.1,17.6,18.9,19.9,19.7,17.6,15.5,14.9,16,19.2,19.1,20.9,16.8,10.2,12,15.3,19.6,19.9,18.4,15.6,15.2,18.8,17.4
1993,06,16.5,21.1,16.3,19.3,21.1,22,20,19.6,21,22.7,20,12.8,13.6,14.8,12.4,16.4,14.7,16.5,21.7,16.2,15.5,17.5,14.3,13.6,11.5,12.5,12.5,11.2,16.4,17.6,
1993,07,16.8,20.2,22.5,23.4,20.2,12.9,14.3,15.4,19.3,19.9,10.4,11.9,12.1,14.8,17.3,17.9,19.8,19,20,17,14.8,13.7,15.4,19.5,17.8,15,14.7,18,19.5,23.5,18.7
1993,08,18.2,21.7,22.8,23.4,21.5,17.6,17.7,18.9,18.7,14.5,15.3,20.9,18.9,22.4,25.5,24.2,18.1,16.3,17.6,19.9,20.6,23.8,14.2,13.2,14.9,14.1,15.7,12.6,12.4,12.4,10.7
1993,09,12.3,12.8,12.2,9.6,9.4,11.4,11.9,16.6,19.8,15.8,14.8,13.2,15.9,13.4,13.8,12.9,12.9,10.3,10.4,10.5,16.2,19.3,17.9,17.2,17.2,11,10.8,8.9,8.2,6.5,
1993,10,9,15.8,12.3,11.1,13.9,12.3,14,14.7,11,11.4,14.6,15.5,13.7,13,11.8,8.3,5.5,3.7,4.8,5.3,6.3,4.7,6.1,3.7,4.3,3.1,2,0.8,0.7,4.1,1.3
1993,11,4.7,4.5,5.2,6.6,8.5,7.7,8.8,7.6,6.2,5.5,5.8,4.9,3.4,2.7,2.5,0.1,-0.9,-3.3,-4.5,-4.7,-4.2,-1.9,-4,-2.3,-1.6,-4.2,-5.3,-5.3,-6.8,-7.2,
1993,12,-2.9,1.9,6.6,7.4,4.3,3.7,0.6,1.9,8,6.6,3.5,1.8,5.5,4.9,4.2,5.1,3,6,8.6,2.3,4.6,3,3.4,2.7,1.3,0.2,0.5,-2,-2,5,8.4
1994,01,3.1,2,3.5,6.4,5.7,4.1,0.5,3,2.5,5.1,5.3,4.7,7.9,6,3.2,-1,-1.6,-2,-0.5,-1.2,-0.6,0.4,5.1,3.2,6.2,4.1,5.2,3.1,1.2,3.3,3.1
1994,02,2.7,4.7,1.3,3,2.4,2.3,2.5,1.9,1.8,2.3,0.9,-2,-10.4,-8.1,-5.3,-5.3,-7.7,-8.4,-6.1,-2.9,-0.7,1.5,0.7,2.5,5,5.2,5.5,8,,,
1994,03,7.6,6.2,5.5,3.7,4.3,5,6.3,9.3,11,8.5,6.1,8.3,5,8.4,8.9,4.1,2.9,3.1,6.4,2.5,3.9,5.5,11.2,9.7,10.7,5.3,2.9,4.3,10.4,12.6,13.4
1994,04,11.2,6.5,3.2,7.7,5.2,4.1,5.7,6.7,5.6,2.4,2.1,3.3,4.2,4.8,7,10,8,5.6,6.3,8.2,11.2,12.6,13.6,14.7,14.9,13.4,13.1,15.2,16.5,17.8,
1994,05,9.2,8.9,10.8,12.9,10.3,10.6,12.3,13.8,15.4,12,14.9,11,13.5,17.8,18.3,19.7,15.4,18.7,14.1,10.4,14.4,15.8,16.3,17.2,15.1,15.4,10.9,12.3,12.7,11.2,14.1
1994,06,17.6,20.9,17.6,14.5,11.2,11.2,15.5,19.6,11.5,12,12.4,16.5,15.2,14.6,15,12.8,11.9,18.6,22.7,19,19.5,21.9,17.7,18.1,21.8,24.9,27.3,28.6,25,20.5,
1994,07,21.2,22.8,24.6,25.8,22,21.9,16.9,17.3,18.3,20.1,22.4,22.8,24.1,25.6,22.5,24.6,21.6,22.5,17.7,17.7,21.5,23.2,24.1,24.9,25.6,25.6,24.9,26,27.2,27.9,28.2
1994,08,28.9,23.5,25.1,25.8,26.4,26.5,21.2,21.3,20.9,23.6,20.7,17.4,16.8,15.4,15.4,15.5,20.1,13.7,15.5,17.8,18.4,19.3,16.7,15.5,15.8,16.2,17.8,18.6,15.4,15.6,18.8
1994,09,20.8,17.8,15.9,15.8,16.5,16.2,16.4,17.8,13.9,13.8,15.3,19.4,17.3,17.3,13.7,11.8,10.2,9.8,10,11,11.6,12.5,12.9,16.5,15.5,17.1,15.9,11.8,12.6,12.2,
1994,10,13.6,13.7,14.5,5.2,4.4,3.4,2.5,2.8,4.8,6,4.8,5.2,7.2,7.2,7.2,7.4,2.1,1.4,2.5,5.9,9,6.7,7,7.2,9.4,7.8,8.5,8.2,6.6,11.5,15
1994,11,11.5,6.5,6.9,10,10,7.5,6,6.7,8.8,7,5,0,1.3,9.7,11.1,7,5.6,4.4,5,11.1,8.9,3.8,1.1,8.2,6,5.9,7.2,7.7,6.5,5.7,
1994,12,0.7,-2.2,-1.1,2.8,7.4,5.1,2.1,4.2,5.2,2.5,10.6,10.9,9.2,2.4,-1.5,-1.8,0.5,-1.1,-0.4,0.2,-0.4,-0.4,-3.8,-4.5,-3.9,-1.3,5.8,9.8,9.8,6,4.3
1995,01,1.4,-1.1,-2.1,-6,-10.7,-7.1,-5.9,-5.5,-3.7,1.5,0.6,-0.8,-2.1,-3,0.2,0.9,-3.2,-3.5,-3.4,-2.6,-2.1,4.4,6.9,4.1,1.9,10.3,1.6,4.7,7.4,3.9,-0.4
1995,02,4.7,4.2,0.6,3.9,5,7.5,7.4,8.2,-2,-1.4,6.4,6.8,6.3,5.5,6.7,6.5,6.2,5,5.5,8,11.9,4.9,2.7,3.2,3.7,3.5,2.4,5.5,,,
1995,03,7.4,4.5,6.4,2.5,1.7,3.7,1.5,2.5,2.4,3.4,4.7,3,2.3,-1.7,0.9,1.7,5.2,6.4,5,2.9,2.6,3.1,5.9,10.3,6.8,5.6,1.9,-0.4,-0.8,0.6,1.8
1995,04,5.5,12.6,14.9,10.4,8.1,9.6,10.5,3.5,3.1,4.1,4.5,5.7,1.9,3.5,3.8,5.7,5.8,10.3,13.8,8.1,14,20,19.4,16.8,12.4,12,11.8,8.8,9.9,13,
1995,05,9,9.8,11,14.7,15.9,17.6,15.4,14.9,9.3,7.8,10.6,12.1,7.6,6.8,8.6,11.5,12.6,14.2,7.9,9.9,10.7,10.9,14,16.8,18.7,21.1,18.6,19.3,20.8,18.4,17.2
1995,06,17.3,10,13.8,14.4,14.7,14.3,15.4,17.2,11.3,14.6,11.8,11,12.8,14.1,13.5,14.5,14.3,14.8,17.9,20.6,20.3,12.2,12.5,15.7,15.6,17.1,21.3,18.4,20.4,21.5,
1995,07,23.2,19.6,21.5,16.2,16.4,18.8,20.2,23.6,25.4,26.1,25.2,24.1,22.2,22.1,20.2,20.2,20,19.2,22.1,23.1,26.6,24.7,16.2,17.9,20.7,22.1,24.5,18.2,22.3,23.6,23.7
1995,08,22.6,20.5,20.4,21.2,21.8,22.3,23,17.8,19,19.4,21.3,21.7,22.3,17.8,18.1,15.8,18.9,21.6,21.1,18.6,20.8,21.1,23.2,21.3,19.3,16,14.1,11.1,11.1,10.2,9.6
1995,09,11.1,10.8,12.5,12.7,14.3,13.7,16.9,15.4,14.5,16.4,16.7,18.3,18.9,14.4,11.7,13.1,13.4,13.4,15.3,14,11.4,11.8,12.2,13.7,12.6,13.4,13.5,8.9,8.1,7.6,
1995,10,7.8,13.7,14.5,15.3,15.4,15.5,14.7,14.9,14.1,15,13.4,12.5,11.8,11,10,9.8,10.9,13.1,13.3,11.1,5.6,4.4,5.8,5.2,6.1,11.3,10.1,10.1,10.9,11,8
1995,11,7.9,4.4,3.1,0.6,-0.6,0,2.3,-0.5,3.3,4,2.4,3.1,4,4.6,8.9,10.1,3.8,-1.6,1.6,-0.7,-3.9,-5.3,-1.1,-0.4,-1.8,-2.5,-1.6,-0.4,0.3,0.6,
1995,12,-1.2,-0.5,0.4,-2.4,-5.3,-3.9,0.5,0.9,-0.3,-1.4,0.8,-0.4,-2.4,-3.6,-1.5,-0.3,-1.1,0.7,1.6,0.9,-5.5,0.6,9,2.2,0.7,-0.4,-5.2,-9.8,-10.7,-7.9,-4.3
1996,01,-2.6,-5.8,-3.8,-3.2,-5.5,-4,-2.1,-0.2,0.7,1.3,0.9,2.3,2.1,1.7,0.2,-3.9,-5.9,-4.1,-3.8,-4.4,-3.7,-6.2,-4.5,-6.9,-10.6,-8.9,-6.7,-6,-4.5,-6.2,-7
1996,02,-8.1,-7.5,-2.9,-3.8,-3.9,-8,-8.4,-6.3,-10.8,-8.9,-3.2,0,-1.3,-2.4,-1.5,0.9,2.7,2.2,2.5,0.2,-4.3,-5.2,-5.3,-3.5,1.5,-0.2,-0.9,0,2.6,,
1996,03,-0.5,-1.2,-3,-4.4,-1.2,0.8,1,-1.4,-1.6,-2.8,-4.8,-4.5,-2.6,-1.9,2,3.2,2.7,3.1,3.8,2.5,3.1,3.9,4.9,6.7,3.9,4.1,0.5,1.9,1.7,0.2,-1.8
1996,04,0.4,2.5,0.1,2,4.9,8.4,9.6,11.2,9,8.8,7.6,-0.9,1.4,4.5,7.8,8.1,9.2,12.3,14.3,15.7,17.3,18.2,20.1,13.2,13.7,14.2,14.1,14.8,9.3,11.4,
1996,05,13.6,13.1,10.9,10.2,10.2,12.4,15.2,11.7,6.7,7.7,10.7,11.1,13.2,12.8,13.4,11.6,15.2,18.1,17.6,13.2,13.6,9.3,11.1,17.2,14.8,13.5,13.5,8.4,12.9,18.3,21.6
1996,06,22,18.8,15.6,15.1,18,22,24.5,25.7,23.9,25,22,20.2,13.8,13.2,15,15.6,18.2,19.4,14.5,14,16.6,9,10.8,11.7,13.7,14.4,16.8,17.2,15.5,13,
1996,07,14.6,16.1,17.1,20.6,21.9,16.5,15.6,12.2,11.9,14.6,12.9,17.8,20.9,23.1,18.5,13.7,15.1,13.2,14.3,14.8,15.4,17.6,20.5,19,14.7,16,19.5,21.2,18.6,18.4,19.6
1996,08,22.7,20.5,16.5,15,14.3,14.4,16.7,18,19,19.9,18.2,16.1,16.6,15.2,15.5,15.5,17.5,19.7,20.6,20,19.7,20.2,20.4,20.6,16.7,19.3,15.9,15.7,16.1,15.6,14.1
1996,09,14.1,13.4,17.1,16.1,12.1,9.2,10.9,10.8,10.2,10.9,11.4,11.3,8.2,10,9.9,9.8,8.2,9.8,10.2,10.1,8.8,9.5,9.3,7.7,8.7,8.4,11.4,12.4,11.4,15.6,
1996,10,15.6,9.9,8.5,10.7,11.1,9.9,11.9,13.2,12.4,11.3,10.6,6.6,7.6,11.8,13.1,14.5,10.9,9.1,8.6,8.8,9.3,9.2,7.7,6.6,5.4,5,9.7,12,10.9,7.4,6.4
1996,11,10.5,11.4,11.3,11.6,9.9,10,10.9,5.7,6.8,6,6.8,6.8,7.8,3.3,4.5,5.2,5.1,8.8,3.3,2,3,0.5,-1,0.8,-0.2,0.6,1,-0.1,1,1.5,
1996,12,1.5,1.7,2.1,1.6,-0.1,-1.3,-0.8,-0.5,0.5,1.6,0.8,0.1,1,-2,1,1.4,2.2,3.7,3.4,-3,-9.1,-13.9,-8.2,-10.8,-9.5,-11.3,-15.4,-17.2,-16,-14.8,-15.7
1997,01,-11.8,-8.2,-5.2,-2.4,-5.2,-9,-9.3,-5.4,-2,-2,-2.4,-4.8,-9.4,-7.9,-7.4,-8.9,-8.2,-5.3,-2.3,-0.2,1,-0.5,0.5,1,1,-2.4,-5.4,0.4,1.5,1,1.5
1997,02,-1.9,-4.9,-5.3,-0.2,2.4,0.7,0.4,3.3,5.2,7.1,5.8,7.8,6.7,2.6,2,-0.2,-0.8,2.6,2.3,4.8,7.8,7.1,8.1,8.4,10.9,7.7,4,5.6,,,
1997,03,7.3,11.8,5,4.9,5.1,6.9,6,5.4,6.9,7,8,7.9,8.6,9.6,8.4,3.2,0.5,0.3,4.2,-1,0.9,1.2,1.9,1.8,3,5.9,11.1,7.4,3.2,4.1,9.2
1997,04,9.5,10.2,10.8,2.8,2.4,2,2.3,2.5,7.4,9,5.5,2.6,2.7,6.6,1.8,1.3,2.9,9.5,4.1,2.9,3.4,4.4,6.1,10.1,12.3,9,9.4,11.8,11.6,10.1,
1997,05,8.6,13.8,17.3,14.8,17,14.4,8,7.5,10.3,13.1,17.9,18.7,18.3,21.2,22.5,22.9,22.4,21.6,19,15.8,15,11.3,11.8,9.8,11.2,12.9,10.9,9,13.5,9.9,9.4
1997,06,10.7,14.5,14.3,16.2,18.3,14.8,17.9,20.3,20.2,20.6,22.1,20.3,21.2,19.5,17.2,17.2,13.4,13.2,16.3,14.3,18.3,12.4,14.3,14.3,13.7,15.7,17.5,22,27,21.9,
1997,07,17.5,20.4,20.9,18.1,15.9,16,16.6,17.9,18.8,19,19.5,19.2,19.4,20,18,17.2,19.7,16.7,13.9,14.3,16.7,19.5,19.2,18.8,17.5,16.6,21,18.6,18,20.3,16.4
1997,08,14.4,16.4,18.5,19.4,19.9,18.1,20,20.7,20.7,20.5,21.5,22.3,22.2,22.8,20.1,20.9,20.3,17.6,17.8,21.3,21.4,22.1,21.2,21.8,22.4,22.1,22.4,22.8,14.2,15.3,16.6
1997,09,18.9,20.1,20.6,19.3,20.3,18.4,17.5,17.4,14.5,11.4,12.7,19.1,13.2,10.5,11.9,13.8,16.5,16.5,12.2,9.4,8.4,10.2,13.2,11.4,11.9,11.9,9.6,9.4,12,13.1,
1997,10,13.7,11.3,8.8,10.7,13.8,14.5,14.9,16.6,19.5,15,10.7,7.6,6.8,5.8,5.4,4.6,5.2,7,7.8,7.2,2.8,1.3,4.1,3.6,4.9,2.3,-1.6,-2.6,-0.5,3.3,3.9
1997,11,2,2.9,3.2,1.1,0.9,5.8,9.5,7.4,6.7,7.4,3.8,7.3,7.1,3.5,3.9,4.2,4.3,0.7,-2.4,-2,0.6,0.2,1.4,1.2,1.3,1.6,2.4,3.1,5.7,4.8,
1997,12,3.8,1.3,2.7,1.4,-0.6,0.9,1.1,2.8,3.5,6.4,9.4,6.8,3.9,1.5,-5.6,-9.7,-4.2,-5,-2.3,1.3,2.5,0.9,1.7,5.3,9,7.6,4.3,3.2,2.4,1.5,1.5
1998,01,1.4,2.7,7.4,6,5.8,4.5,8.1,8.8,9.9,6.9,0.2,-1.8,-0.5,-0.7,3.4,5,3.1,3.2,4.4,1.8,0.1,0.1,-1.4,-2.2,-3.2,-6,-7.6,-5.4,-1.5,-2.3,-7
1998,02,-11.3,-10,-2.9,-3.9,-2.8,2.3,1.4,1.6,4,7.3,8.1,10.1,10.8,11.6,11.3,11.2,3.1,4.4,7.7,6.1,7.6,6.4,6.6,5.4,8,9.2,8.1,6.2,,,
1998,03,2.6,5.7,10.4,16.9,6.3,4.6,9.5,7.1,-1.2,-1.6,-2,0.3,2.2,4.1,1.7,5.2,7.7,7.8,3.1,2.2,0.4,0,0.3,1.3,0.9,2.6,6.6,9.3,10.1,10.1,12.5
1998,04,11.9,12,12.4,10.4,10.1,10.7,11.1,9.3,9.2,9.2,9.4,6.2,6.9,5,7.4,8,8.7,8.6,6.4,9.1,9.8,10.2,14,12.8,14.5,17,18.8,15.4,15.9,15.5,
1998,05,15.6,14,12.4,9.1,10.2,11.4,13.4,18.3,20.7,20.1,21.6,21.4,16.9,16.2,12,11.7,13,13.8,17.4,15.7,10.7,9.6,9.3,11.3,12.9,14,19.1,21.9,22.5,18.6,16.2
1998,06,15.5,18.6,20,21.6,24,26.8,22.6,14.7,19,19,14.9,13.6,10.2,13.1,15.2,15.5,13.5,14.3,16.4,20.2,22.8,20.5,17.6,16.6,20.2,20.2,21.5,19.6,19.7,21.4,
1998,07,17.8,15.8,18.8,14.8,14.1,16.3,12.3,11.5,13.7,17.2,16.9,16.5,20.4,16.1,15.3,15.2,18.3,19.5,20.7,26,26.3,20.9,24.6,21.3,19.4,20.4,20.7,17,17.6,17.8,18.9
1998,08,20.8,22.2,17.4,20.4,18.9,20,23.2,24.5,21.2,20.5,26.3,24.4,17,16.8,20,22.9,23.3,23.3,19.5,21.4,18.2,14.8,13.3,14.7,12.8,14.9,12.4,11.5,12.5,13.9,13.1
1998,09,14.1,17,15.7,15.8,14.9,14.4,15.8,15.5,19.3,21.3,15.3,13,9.6,8.9,10.7,11.8,10.9,12.9,12,12,12.2,11.5,12.4,13,10.2,11.9,12.2,14.6,12.7,12.3,
1998,10,8.6,6.1,6.2,7.5,7.8,7.2,14,11.5,11.3,11.1,10.4,8.2,7.5,10.1,12.3,10.6,14.5,8.7,7.6,5.3,8,13.4,14,9.8,9.5,7,8.1,11.9,7.3,4.8,5.6
1998,11,5.7,5,7,6.5,3.9,5.2,3.8,3.7,6.4,9.3,4.4,1.2,1.3,1,2.3,1.1,-0.3,-1.4,-2.7,-2,-6.6,-5.7,-1.9,-1.6,-1.2,-1.3,0.7,1.2,-0.7,-0.5,
1998,12,-4.2,-4.4,-1.2,-2.3,-0.2,-1.7,-3.1,-4,-5.5,-6.5,-9.4,-1.7,6.7,4.6,6.9,6.2,4.9,4.1,4.9,2.3,-1,-0.5,-0.6,-1.9,2.7,4.9,10,2.8,-0.8,1,0.4
1999,01,-2.1,-2.5,0.7,7.5,9.7,8.8,6.2,3.2,3.4,0.5,2.7,-2.3,-0.5,2.4,4.4,6.2,3.5,-0.3,-0.4,-1.5,-1.9,-0.8,-0.1,3,7.8,5.2,1.3,1.3,-5.2,-6.2,-12.3
1999,02,-4.6,0.1,2.6,5.4,3.6,1.2,0,-2.4,-5.9,-5.9,-6.8,-4.6,-2.8,-4.2,-3,-0.3,-1.1,-0.2,2.3,3.2,2.3,1.5,0.5,0.1,0.3,3.3,6,5.4,,,
1999,03,6.4,8.3,10.6,9.6,4.3,2.7,2.2,2.6,3.7,6.8,2,2.9,4.3,5.1,6.2,1.1,0.3,1.3,3.3,3,5,5.9,4,7.1,10.7,12.8,12.4,9.3,6.2,9.4,11.1
1999,04,11.1,10.1,11.2,10.9,12.1,13.5,10.8,8.9,9.7,11.9,9.4,9.8,8.6,7.5,8.2,3.5,3.5,5.6,5.8,7,8,11.8,12.1,13,12.1,11.9,10.3,11.9,12,14.6,
1999,05,16.4,12.5,14.5,12.6,11.1,10.7,10.5,11.6,15.3,18,14,15.7,13.6,12.3,10.3,9.7,12.1,13.1,15.7,18,15.2,12.7,13.5,15.8,17.1,17.1,19.4,22.3,21.7,22.2,19.7
1999,06,17.2,21.8,19.1,15.4,20.2,17.6,17.4,13.8,16,19,15.3,12.4,14.8,15,17.3,16.5,18.6,12.4,13.8,17.6,12.6,12.5,13.8,13.3,14.3,18.4,19,17.4,19.7,19.1,
1999,07,17.6,19.7,23.3,27,25.3,20.7,18.5,15,18.2,21.7,20.1,19.9,22.1,18,15.5,17.6,20.3,21.7,25.1,22.6,22.9,17.9,14.5,15.7,19.7,22.1,19.8,20.7,20.3,19.8,21.2
1999,08,21.2,20.6,20.5,21.9,19.6,23.1,20.3,24.1,21.8,19.1,16.8,15.6,13.6,17.6,18.4,17.8,16.3,19.2,18.8,18.2,16.1,14.1,15.5,17.4,19.7,20.6,19.9,17.6,15.5,17.2,15.5
1999,09,13.6,13.4,16.8,17.4,17.5,17.6,18.7,19.1,20,20.6,19.9,20.1,19.7,18.4,19.6,18.9,19.6,18,19.2,22,14.6,18.3,17.8,17.4,14.6,15.3,15.3,13.5,15.5,15.2,
1999,10,13.6,16.2,11.9,10.3,8.6,9,8.2,10.1,12,12.8,13.1,9.5,7.4,8.8,7.1,4.8,4.4,4,3.1,3,6.2,7.7,8.8,10.2,10.5,13.3,11.5,12.7,11,8.4,10.1
1999,11,9.4,13,7.5,5.1,6,7,5.8,5.8,6,4.5,3.4,3.6,2.9,2.8,-0.3,-0.2,0.8,1.1,-1.5,-1.2,-2.6,-1.3,-1.1,0.1,4.3,4.4,4.2,4.4,-0.5,0.2,
1999,12,7.1,4.6,6.8,3.3,1.6,1.6,5.9,5.9,7.7,4.6,4,9.8,3.8,1.7,0.4,-1,-0.7,1.5,-0.9,-1.6,-0.9,-6.2,-6.7,-4.4,-3.2,3.2,1.8,-0.4,0.7,1.3,-0.5
2000,01,-0.1,1.4,0.8,3.1,2.8,-2.2,1.8,1.2,0.5,0.7,-1.2,-4.2,-4,-4.5,-2.6,-1,4.4,1.8,-0.1,0,-1.8,-2.2,-6.9,-8.5,-8.5,-5,-0.9,-1,4.2,4.9,7.7
2000,02,7.3,8.4,4.2,3.7,7,7.9,6.7,9.1,4.7,3.7,3.6,1.3,2.6,1.6,4.4,2.5,0.2,-0.3,3,0.2,-2,-1.4,0.7,3.6,4.3,1.3,3,7.2,7.6,,
2000,03,6.4,2.5,5.9,1.3,-0.1,3.3,7.2,8.7,10.7,2.5,6.1,2.5,3.3,6.9,1.1,1.7,0.7,0.6,1.9,3.5,5.2,6.5,9,6.9,7.7,7.1,4.5,3.8,7.4,3.4,4.8
2000,04,6,8.2,9.7,10.4,6.9,4,5.8,5.5,6,6.4,8.2,6.7,8.2,10.1,10.9,12.2,15.2,11.9,12.6,15.2,17.1,19,20.6,14.9,13.2,15.2,17.6,19.5,19.5,18.7,
2000,05,15.7,16.3,14.8,17.1,16.8,17.6,20.2,18.7,18.1,20.2,21.5,16.4,14,16.7,20.3,22.7,19.5,13.4,11,9.3,13.5,10.2,13.1,16.7,20.7,17.8,15.1,14.6,10.9,13.3,10.6
2000,06,15.1,19.9,23.1,21,22.9,16.5,12.8,15.6,21.1,24.2,25.9,20.8,23.5,21.8,17.2,13,13.4,18.1,22.8,25.9,27,26.9,16.6,16.3,12.5,13,12.7,14,12.7,16.2,
2000,07,19.6,18.2,22.4,17.9,19.5,18.7,17.5,11.5,13.7,15.4,13.7,13.4,13.7,13.5,13.5,13,13.7,15.3,15.3,16.5,14.1,16.7,19.7,17.9,19.9,16.8,19,17,16.2,14.2,17.5
2000,08,20.4,21.9,18.4,17.8,18.8,16.2,17.8,15,17.4,20.2,20.9,20.8,21.1,21.6,23.6,23.9,24.6,22.3,25.3,26.4,23.9,17.8,17.3,18.8,16.7,15.9,17.5,15.9,17.4,18.7,18.3
2000,09,16.3,16.2,12.8,12.3,11.7,12.3,12.8,14.4,16.9,17.4,17.8,18.6,17.9,17.2,16.3,14.8,13.1,10.7,10.1,11.3,9.1,10.7,10.2,9.6,11.6,13.2,13.6,15.6,15,17.2,
2000,10,16.6,13.4,12.7,14.1,15,10.4,7.5,8.1,8,8.9,12.4,13.8,13,14.9,16.1,15.7,13,10,9.8,9.7,8.6,6.1,4.6,10.2,14.3,10.3,9,10.6,11,9.5,9.8
2000,11,7.8,8,8.7,7.1,4.9,8.9,8.8,6.9,5.7,5.7,4,3.7,6.7,5.8,7.2,6.4,5.5,2.5,1.6,5,5.7,4.7,5.2,5.8,4.8,5.5,5,3.7,5.3,1.9,
2000,12,2.2,2.7,3.3,5.1,2.7,2.6,2.2,2.9,4,6.8,8.4,10.9,10.9,8.2,5.4,2.8,0.4,0.8,0.3,-5,-5,-6.5,-9,-4.2,-4.7,-1.4,-0.9,1,-1.8,-2.2,-1.5
2001,01,-4,-1.8,1.3,0.2,2.4,6.9,3.5,2.1,0.6,-0.4,-0.2,-3.4,-7.4,-8.1,-8.2,-7,-3.1,-3.1,-1.6,-1,-1.8,-1.3,-1.7,0.3,2.6,2.8,1.8,1.2,0.6,0.8,-0.5
2001,02,-1.9,-3.3,-3,2.1,7.1,9.8,7,4,5.8,1.5,3.4,5.7,4.2,3.2,3.1,2.7,2.1,0.9,2.7,2.5,4.4,2.5,-1.9,-6,-5,-2.5,-2.4,-0.7,,,
2001,03,1.7,1.4,0.7,4.7,1.5,0.8,3.3,5.8,6.5,8.6,11,13.7,7.2,5.5,3.1,6.7,6.7,6.8,5.2,0.4,-1,2,5.3,10.8,9.4,-1.2,-2,1,3.1,5,7.4
2001,04,9.5,11,12.9,13.3,6.7,7.5,8.2,5,6.2,8.4,9.2,6.1,0.2,0.7,2.3,4.1,4.1,5.8,5,4.9,4.4,2.9,6.9,10.9,13,9.4,10.6,10.3,14.8,19.1,
2001,05,20.6,18.6,19.7,16,11.1,8.7,7.7,11.9,14.6,15.8,16.1,13.1,13.7,17.3,14.8,17.9,17.9,10.3,10.8,13.1,14.1,13.2,14.9,16.5,17.2,17.6,19,17.7,20.2,16.3,14.1
2001,06,11.3,12.2,10,9.5,11.7,13.3,16.1,13.6,12.9,14,9.9,14.2,15.5,15.1,19.1,16.7,15.5,14.3,13.5,15.4,15.2,11.8,14,17.2,18.3,19.6,22,18.5,20.3,21.4,
2001,07,17.9,16.3,16.1,18.9,20.1,22.8,20.3,18.4,17.3,20.3,16.8,18.3,17.1,22.7,20.6,14.4,12.9,14.2,16.7,14.8,16.7,19.2,20.1,19.3,21.5,22.2,22.3,22.9,20.4,21.1,23.9
2001,08,19.6,20.4,20.4,17.6,17.1,18.8,18.5,19.3,20.1,15.3,14.7,15.4,18.1,22.4,25.7,25.3,20.9,21.8,21.6,20,18.1,19.8,20.6,20.8,22.6,21.9,19.5,14.7,14,16.8,14.5
2001,09,13.6,14.2,17.5,14.6,12.6,12.9,12.8,12.3,9.1,9.9,10.9,11.3,12.7,12.2,11.7,9.4,10.8,9.4,10.5,12.2,11.9,11.1,10.7,12.9,11.6,11.1,11.6,13.5,13.4,13.8,
2001,10,15.6,20.8,19.5,12.7,10.4,10.9,12.1,13,14,13.2,14,12.6,12.5,12.6,10.1,11.8,11.8,10.9,9.1,10.2,10.6,11.7,9.7,9.2,10.1,10.1,8.8,9.8,10.5,13.7,12.8
2001,11,7.3,7.8,7,6.9,4.3,4.8,7.6,8.3,0.9,-0.6,-1.6,0.9,1.9,-0.6,-1,2.4,-0.2,0.3,3.1,1.8,3.3,3.4,0.9,0.7,-1.2,0.9,2.2,1.8,3.5,1.9,
2001,12,-1.2,-1.8,-1.3,0.2,3.5,2.9,2.1,-1.3,-3.9,-2,0.2,0.8,-10.7,-9.3,-6.1,-1.3,-1.3,0,0.8,-4.5,-2.2,-0.7,-8.2,-5.4,2,0.9,-1.7,2.6,0.2,-1.8,-5
2002,01,-2.8,-1.8,-9.5,-12.5,-10.1,-4.9,0.3,-0.3,-1.9,-4.9,-5.2,-2.2,-2.6,-5.1,-4.4,-5.4,-2.7,-1.8,1.5,3.9,6.3,6,5.3,8.1,3.1,7.7,9.8,11.5,9.8,8.9,7.8
2002,02,7.2,10.2,6.1,5.6,8.2,5.2,5.2,4.9,9.7,5.5,8.8,10.4,5.5,0.8,0.3,2.4,2.7,3.7,1.9,5.7,-0.7,0.4,2.4,0.9,1.5,9.9,6.6,4.3,,,
2002,03,4.7,1.4,1,4.2,3.1,7.3,8.1,5.3,7,5.6,9.2,8.3,10.7,4.3,3.8,4.8,5.7,8.1,7.2,8,8.5,4,2.1,1.3,0.5,0.4,1,2,6,9.5,9.6
2002,04,10.1,9.5,9,6.7,3.8,0.6,2.5,4.9,5.1,5.2,7.3,8.3,9,7.6,6.4,9,9.2,10.1,10.7,9.9,10.5,11.4,12.8,11.5,13.3,13.7,8.4,12.7,10.8,12.3,
2002,05,17,16.6,18.4,18.1,10.1,13.7,15.3,18.7,19,16.6,15.7,15.6,17,16,15,17.9,20.5,18.3,14.1,14.9,17.4,19.1,19.7,14.9,17.6,11.9,14.4,13.6,14.7,15.1,17.4
2002,06,13.7,14.8,17,19.7,20.9,16.5,14.7,13.8,15.1,14.3,15,18.4,20.3,18.7,19.3,19.3,21.2,24.8,24.5,23.1,20.3,21.6,22.3,16.1,17.2,19,20.9,15.9,12.7,16.1,
2002,07,19.1,14.5,18,15.8,18.2,18.4,18.9,21.9,25.1,21,16.1,19.3,20.4,21.6,20.3,19.2,20.2,16.9,17.9,18.8,20.5,16.5,17.4,16.9,15.6,15.8,18.3,21.6,24.8,23.4,21.5
2002,08,18.7,18.6,21.1,18.9,19.4,17,16.9,18,20.1,20.1,18.7,15.5,14.9,17.2,19.1,20.2,20.6,21.2,22.3,21,18.4,17.2,19.5,20.9,22.1,22.3,20.5,18.9,20.3,20.2,21
2002,09,14.5,14.4,18.2,19.5,15.7,16.2,17.6,18.8,20,16.2,16.1,12.3,10.7,14.8,11.2,10.5,12.9,14.2,13.6,11.2,11.9,10.9,9.8,6.8,5.8,8.5,8.9,7.5,8.4,8.4,
2002,10,9.6,10.5,12.4,10.2,10.2,9.3,5,6,6.9,6.3,4.9,3.4,3.1,8.3,11.7,12.8,11.5,6.3,5.3,3.4,6.1,10.2,12.8,5.6,8.9,9.1,10.6,7.4,6.5,5.9,6.2
2002,11,7.7,7.8,2.8,2.4,0.8,-1.8,-1.7,3.1,3.9,2,4.8,7,6.5,5.4,6,9.1,8.6,4.6,6.4,3.5,4,5.2,5,3,5,6.2,6.5,6.5,6,4.9,
2002,12,4.9,3.9,4.5,4.6,2.9,-0.3,-3.9,-6.1,-8,-8.2,-7.2,-6.6,-5.3,-4.1,-2.7,0.3,0.5,-1,-1.5,-3.4,-0.4,0.6,-1.4,-3.3,-3.2,-4,-2.1,-2,4,6.4,-5.6
2003,01,-5.9,8,6.5,-0.4,-5.4,-4.1,-9.4,-9.3,-10.4,-6.9,-6.1,-6.1,-2.5,3.1,3.3,3,1.2,1.6,0.3,1.5,-3,-0.4,1.7,1.9,0.7,1.1,3.9,4,1,-1,-2.6
2003,02,-5.5,-5.1,2.4,-1.1,-0.9,-2.5,-1.9,-3.3,-3.2,-3.3,-3.7,-5.4,-5.7,-6.1,-3.6,-5.2,-7.2,-7,-4.7,-4.1,-3.4,-0.9,-0.3,-0.9,0.5,-0.4,0.3,4,,,
2003,03,5.1,3.6,4.2,1.4,2.4,0.9,1.2,4.1,7,9.6,12.3,6.5,1.8,0.6,2.1,3.4,3,5.4,5.9,2,-0.2,0.4,4,8.5,9.4,9,10.7,9.7,9.5,12.2,6.9
2003,04,7.6,5.9,4.5,4.2,3.4,-1.2,-1.7,-2,-1,4.3,1.5,6.2,7.7,11.1,13.3,11.9,11.9,5.8,7.6,13.1,13.1,12.5,12.4,11.6,13.6,17.3,11,15.3,16.7,17.4,
2003,05,15.1,17.1,12.1,16.4,19.9,22,17.5,21.5,16.7,15.9,16.3,15.3,13.3,10.4,6.8,10.3,15.1,15,16.2,12.3,12.8,13.4,16.4,19.9,21.1,17.6,16.5,17.8,18.6,19.2,18.7
2003,06,18.1,20.8,22.8,24.7,22.8,20.6,22.3,21.5,21.6,22.4,22.9,23.6,21.3,21,19.5,20.1,19.2,16.2,18,17.7,15.4,17.9,22.4,22.2,18.7,17.3,18.9,20.5,21.6,25.2,
2003,07,15.2,17.9,17.2,16.9,15.3,15.9,16.8,18.8,17.4,17.3,20,18.4,17.5,19.9,22.1,25.4,20.3,19.5,22.2,24.1,26.6,21.6,20.4,23.9,19,22.3,25.9,18.8,17.2,19.3,20.6
2003,08,23.4,25.1,26.8,27.1,25.3,23.7,23.2,25.1,24.6,24.5,22.6,24.5,28.2,21.7,19.2,19.5,22.1,21.3,19.8,20.5,21,22.7,20.7,17.7,18.2,18.6,16.4,18,20.6,15.8,13
2003,09,11.7,10.9,12.8,14.7,14,16.8,17.7,18.6,14.8,14.8,12.4,13.8,13,13.6,13.3,13.9,16.2,18.3,20.1,19.7,21.5,20.5,13.8,10.5,10.2,11.7,13.2,13.7,13.2,10.1,
2003,10,11.4,15.5,13.9,12.1,7.6,8.8,7.2,7.8,7.9,12.3,12.5,8.2,5.5,5.1,6.1,5.5,3.2,4.1,1.3,4.2,3.4,3.9,0.3,-2.5,1.8,4.1,2,2,1.4,5.1,5.8
2003,11,7,7.2,9.5,8,4.4,1.8,4.9,6.5,2.6,1.4,2.8,0.8,-0.2,-0.9,4.3,2,5.8,6.8,9.9,8.6,5.8,4,5.5,5.2,6.6,6.2,6.1,6.3,5.6,3,
2003,12,6,6.5,5.4,4.5,2.8,2.1,-2.6,-4.2,-3.7,-0.6,-1.7,2.3,5.4,6,-1.3,-0.5,1.4,-1.3,-2.1,3.2,5.5,-0.5,-7.2,-9.2,-4,1,-0.7,-1.6,2,0.3,-0.2
2004,01,-3.6,-4.5,-4.9,-6.4,-8.5,-10.7,-1.9,-2.6,-0.7,1.7,3.1,3.4,4.1,3.6,2.6,3.3,3.8,-0.1,-1.3,-0.8,-3,-8.4,-11.9,-13.7,-8.5,-4.1,-4,-3.8,-2.1,-0.5,3.7
2004,02,8.5,7.7,10,12,12.8,12.4,9.9,3.1,0.3,0.3,-0.8,-5.3,1.7,5,3.5,2.7,3,1.3,-0.3,-0.7,1,1.3,-1.5,-2.9,-1.3,-0.5,-0.7,-0.9,-2.1,,
2004,03,-3,0.8,1.4,-2.9,-2.9,-2.2,1.3,-0.9,-1.4,0.8,1.7,3.9,4.7,6.2,10,11.5,13,14.5,13.9,13.4,9.8,7.5,4.1,4.2,1.1,0.1,1.5,4.4,5.8,6.8,7.5
2004,04,8.7,11.5,12.8,10.9,7.4,5.2,5.2,4.6,6.1,7.4,7.1,7.1,7.5,10.2,11.7,11.2,10,13,10.3,10.8,13.7,15.4,14.3,8.5,7.5,11.3,12.4,14.4,16.2,18.5,
2004,05,16.2,13.4,14.9,16.9,16.5,12.8,8.6,11.5,9.4,10.7,14.6,12.3,10.7,11.6,12.5,12.2,12.5,14.2,17.6,16.6,13,8.6,6.3,10.1,11.8,12.9,12.3,12.5,14.5,16.5,18.6
2004,06,14.6,13.1,14.5,17.7,13.3,16.7,18.3,22.9,20.8,20.7,20,15.7,14,18,20.6,13.4,18.6,16.1,16.2,12.8,14.9,17.3,18.5,19.1,17,17.5,15,18.8,16.4,18.1,
2004,07,19.8,15.4,14.8,18.6,19.2,16,19.6,20,16.9,15,14.4,14.3,13.8,15.8,18,21.5,23.3,24.4,22.8,25.7,24.3,22,23.1,20.6,21.7,16.6,16.2,17.4,19.5,22,24.8
2004,08,21.4,21.2,21,22.8,23.8,22.4,22.5,23,22.6,24.1,25.7,26.4,18.2,17.4,19.4,21.9,23.9,23.8,25.2,17.3,15.4,15.2,16.1,17,17.7,15.8,17.1,18.5,18.6,16.8,15.1
2004,09,15.4,17.5,18.5,19.7,18,19.3,19.2,16.9,12.8,14.9,18.1,15.4,15.5,20.2,16,12.3,11.8,15,17.8,17,14,10.9,9.6,10,11.5,10,12.5,14.2,13.2,9.7,
2004,10,9.9,12.6,11.7,15,17.6,17.6,14.1,10,9.1,6.7,3.9,5.4,7.8,6.6,7.3,7,6.9,8.7,6.4,9,13.7,11,14.2,16,13,10.2,9.2,10.7,12.3,10.3,8.8
2004,11,9.5,10.8,12.6,13.3,8.8,4.4,4.1,3.6,1.5,2.9,4,5.4,2.8,0.1,0.3,3.8,6.6,7.6,2.3,0.8,0.1,5.4,4.8,-0.7,-0.6,0.9,4.4,4.8,4.9,3.9,
2004,12,4.4,3.2,3.4,1.4,-0.2,2.8,1.8,1.7,-0.3,-2.3,-3.1,-3.2,-3.2,-3.3,-3.7,-3.9,1.5,1.9,0.1,-3.1,-5.4,-3,4.2,5.7,7.1,4.1,1.6,1.4,2,-0.1,2.7
2005,01,4.9,3.6,3.3,5,4.4,4.9,7.2,9.9,6.6,6.5,5.5,7.3,3.3,2.4,1.8,-1.8,-1.5,-1.4,1.7,4.7,3.1,1.5,-1.3,-2.4,-3.8,-5.5,-6.8,-5.6,-4.7,-4.3,-0.1
2005,02,0.7,0.5,0.3,-2.3,-6.3,-6,-5.6,-7,-5.4,0.8,3.9,6.9,1.6,-0.5,-2,-1.5,-2,-3.7,-1.8,-1.5,-1.5,-2.3,-4.8,-4.2,-1.4,-1.3,-6.4,-8.6,,,
2005,03,-6.3,-6.8,-6.7,-6.7,-3.9,-3.9,-2.6,1.3,-0.1,-5.1,0.2,1,1.6,2.4,5.4,10.4,12.9,12.7,3.1,1.1,2.1,5.6,6.9,10.2,10.8,10.8,9,10.3,9.8,7.5,5.4
2005,04,5.4,8,10.8,11.4,13.1,11.9,13.6,8.9,5.4,5.9,7,10.4,11.6,13.1,14,15.3,12.6,13,13,7.1,4.7,7.3,8.9,12.7,11.4,12,12.5,11.8,13.9,16.3,
2005,05,19.7,22.5,16.7,13.5,10.9,7.9,9.2,7.8,7.6,8.1,8.6,9.3,12.4,15.2,13.5,13.7,10.6,9.2,10.8,13.5,19.7,19.9,15.1,15.1,18.5,20.4,22.9,25.1,26,21.1,14.4
2005,06,14,17.2,21.6,15.8,15.3,11.5,9.5,11.1,13.9,14.4,12,13.6,17,21.8,17,21.8,20.8,19.3,19.7,21.1,22.2,20.2,21.4,24.1,23.4,19.9,21.9,22,21.5,16.9,
2005,07,15.7,17.8,21.2,22,11,15.8,17,12.8,15.7,17.3,18,21.6,22.3,22.4,24.3,21,20.4,23.1,19,18.5,15.1,15.1,15,19.1,19.5,20.9,24.7,28.4,29.3,20.7,18
2005,08,21.1,20.9,17.8,16.7,17.4,15.8,11.4,12.5,14.2,15.3,16.5,17.8,15.1,15.6,14.4,17.4,19.1,19.9,19.8,19.6,19.2,17.4,17.8,17.3,18.5,16.5,16.9,18,19.5,21.3,21.5
2005,09,22.4,21.7,19.3,18.2,17.7,19,19.5,20.4,20.1,19.8,19.1,18.1,14.4,16.9,17.7,14.6,10,11.1,11.8,8.6,11.7,14.1,13.9,14.2,15.5,16,13.9,13.5,11.8,9.3,
2005,10,10.3,9.9,12,15.2,15.7,14.8,15,12.9,10.7,11.8,12.9,11.3,9.2,9,10.3,5.7,7.7,5,5.1,5.6,9.1,14.3,14.2,11.8,15.8,14.7,12.3,11.9,9.7,4.6,4.6
2005,11,4,7.7,9.2,9.5,8.6,6.6,7.1,4.9,5.6,7.3,7.6,3.7,4.3,3.7,3,4.5,2.4,1.1,-0.5,0.9,1.2,0.5,0.1,-3.5,-2.4,-0.8,-1.1,0.3,1.3,1.3,
2005,12,0.3,-3.7,0.1,3,2.5,1.9,3.2,2.2,1.5,0.5,-0.4,1.8,2.6,2.5,3.2,2.5,-1.7,-1.3,-0.4,2.2,1.4,2,2.7,3.8,0.6,-1.2,-2.6,-4,-5.3,-6.4,-1.8
2006,01,1,1.1,0.9,-0.1,-0.6,-1.1,-1.4,-4.1,-6.3,-7.4,-6.1,-3.4,-3.3,-5.8,-4.8,-6.9,-4.4,0.2,-3.4,2.7,2.4,-9.9,-13,-12.1,-9,-8.2,-8.6,-9.1,-8.8,-8,-5.6
2006,02,-6.2,-7.3,-4.4,-3.7,-8.6,-7.5,1.7,2,0.7,-0.3,-2.1,-1.9,-1.4,-3,1.4,2.9,4.4,3.6,4.7,2,1.2,0.1,-0.8,-1.3,-2.7,-3.9,-3.9,-2.2,,,
2006,03,-1.1,-2.5,-1.2,-0.6,-1.6,-0.3,-1.6,-1.7,2.6,4.1,0.8,-4.8,-4.4,-2.8,-2.2,0.3,0.3,1.1,1.8,1.7,2,0.7,0.1,2.4,7.3,10.2,14.5,8.9,8.1,9.5,11.6
2006,04,10.9,10.6,8.9,3.9,3.6,3.7,5.5,8.9,9.2,2.4,4.7,4.6,7.7,6.7,9.9,11.7,11.5,11.4,12.4,13.4,14.3,13.4,12.5,13.5,16.3,15.5,15.1,8.4,6.1,7.4,
2006,05,10.1,13.6,15.4,15.4,16.2,15.1,15.3,15.3,17,14.6,14.9,17.5,15.8,13.8,15.9,18,14,16.2,15.2,12.8,14.8,18.1,14,13.2,13.4,12.7,14.7,14.5,10.7,7.8,8.4
2006,06,8.2,12.3,13.4,10.6,10.4,10.4,12.3,15.1,17.8,16.5,17.6,20.7,21.7,22.6,23.1,23.2,19.4,20.2,22.1,24.5,24.6,22.7,20.2,22.6,24.4,26.1,20.2,17.9,19.7,15.8,
2006,07,19.6,20.2,20.7,22.2,22.4,24,23.4,22.3,23.2,25.2,27,23.4,25,21.6,19.8,19.5,21.3,23,26.2,27,25.4,26.8,24,25.9,26.6,26.5,27.4,21.5,21.5,24.6,21.7
2006,08,20,18.9,15.2,15.6,15.6,16.6,18.2,18.3,18,17,14.9,14.8,15.8,15.9,15.4,18.4,22.5,20.7,21,18.1,17.5,14.8,16.4,17.2,16.5,14.5,15.1,14.5,11.8,13.1,13.1
2006,09,16.5,20.5,20.1,21.5,18.6,19.4,23.4,13.8,13.7,15.4,16.5,17.6,17.3,18.4,20.4,20.1,19.4,17.5,15.8,14.9,15.5,17.1,16.6,19,17.4,17.3,16.3,15.9,16.2,17.8,
2006,10,15.2,16.1,14,12.3,11.2,13.2,12,10.7,11.5,10.6,12.4,10.9,12.2,12.1,6.4,7,6,6.2,8.1,8,11.9,14.4,14.3,15.8,12.5,12.8,15,12.2,13.2,7,10.8
2006,11,5.1,-0.3,-0.9,4.4,8.4,8.6,6.5,9,8.7,4.7,5.4,5.9,6.8,11.8,12.2,6,6.3,8.6,6.5,4.9,4.7,5.6,5.6,8.5,8.4,9.3,9.3,7.8,7.6,7.1,
2006,12,3.8,3.7,3.9,7.5,11.3,8.6,7,7.2,5.2,4.4,2.4,4.4,6,8,4,5.7,3.5,2.7,2.8,3.3,4.3,4,2.3,-0.6,2.2,0.4,-3.4,-2.1,1.5,-0.3,8.2
2007,01,8.3,1.8,3.6,6.1,6.4,8.6,7.1,6.8,11.4,11.4,8.1,7,10.7,7.4,2,2.3,7.2,13.7,9.2,11,6,3.3,-3.5,-3.7,-3.6,-5,-1.8,2.4,3.3,4.7,4.2
2007,02,4,5.6,3.7,2.6,3.3,0.7,0.4,4.2,4.8,4.8,6,7.3,6.8,7,5.2,3.1,4.1,2.8,0.9,4.4,2.1,5.2,5.2,3.6,5.8,6,4.1,8.4,,,
2007,03,8.7,5.6,6.4,4.6,7.4,9.3,8.4,8,7.7,4.7,5.6,8.6,9.5,8.5,6.4,7.3,7.7,9.1,3.1,2.1,2.2,2.9,4.2,6.9,8.9,8.2,9,7.9,6,8.4,10.2
2007,04,11.1,11.4,8.4,5.5,8.1,10.6,8.3,6.3,13,12.8,11.8,13.5,16.5,17.3,15.2,15.2,17.6,8.8,11.3,9,8.2,11.8,17,14.5,15.1,16.8,18,17.2,12.7,11.9,
2007,05,9.3,11.3,14.5,15.4,14.3,13.2,15.2,12.2,11.7,17.3,17.3,15.1,20.4,22.2,12.7,11.9,9.6,12.4,17.1,20.2,23,21.2,20.6,21.4,22.1,22.5,21.1,18.7,12.6,11,15.2
2007,06,18.6,17.8,15.9,17.5,20.2,19.3,21.9,23.9,24.1,24,22.6,22.9,22.8,22.2,22.1,18,21.1,21.3,22.9,26.2,22,16.8,16.7,20.9,20.1,15.2,14.3,13.7,16.6,19.2,
2007,07,21.3,18.8,18,16.4,15.1,17.3,18.7,21.1,16.4,12.2,14.9,15.8,19.5,26,28.1,30.2,29,23,23.1,24.5,23.4,19.7,22.6,18,18.1,21.2,21.7,19.5,18.5,14.4,14.6
2007,08,17,22.2,17.8,18.5,19.3,23.3,24.2,21.5,19.2,16.7,17.7,18.1,19.4,20.9,24.4,19.6,16.2,19.1,18.4,18.6,17.8,18.9,20.3,20.7,21.1,21.6,18.1,15.4,15.3,14.4,15.3
2007,09,15.1,16.3,13.4,9.5,11.1,12.3,13.2,14.2,13.7,11.8,11.5,13.3,13,14.8,13.3,13.9,18.7,12.6,9.2,10.5,13.9,15,15.2,15.6,11.2,11.4,11.4,10.7,13.1,13.7,
2007,10,13.3,14.9,14.6,15.9,11.5,10,10.3,10.9,10.5,8.7,7.1,10,7.5,5.3,8.9,11.8,13,8,4.4,4.9,4.3,3.9,3.8,6.3,7,7.7,7.7,7.5,7.8,8,5.2
2007,11,5,9.6,11.5,7,3,4.4,5.2,7.7,5.5,1.9,3.1,1.5,1.8,0.2,-0.5,-0.1,1.2,1.4,1.7,1.6,0.3,1.1,2.8,3.9,2.4,0.2,-1.4,-3.2,-2.8,3.4,
2007,12,6.6,8.1,6.3,4.3,6,8.1,10.2,4.2,4.2,3.8,3.8,3.9,1.7,-0.6,-1.9,-2.7,-2,-2.5,-4.7,-5.2,-5.4,-5,-5.2,-3,-2,-3.5,-1.2,-1.3,-1.8,1.3,1.6
2008,01,-0.4,-1.7,-2.1,-2.9,-3.7,0,1.2,3.2,0.8,5,1.5,1,2.6,1.4,2.5,1.7,2.8,5.6,10.9,10.6,8.7,3.4,2.2,6.3,3.8,4.9,6,5.7,5.5,3.2,2.8
2008,02,6.9,2.6,1.2,2.8,6,7.9,2.2,2.3,4,1,2.6,1.2,-1.6,0.5,-1.6,-4.8,-2,3.5,3.9,3.9,7.9,10.5,9.9,11.7,7.9,11.3,7.6,5.1,6.5,,
2008,03,7.7,7.8,6.6,1.9,-0.5,1.9,4.1,5.4,5.9,7.6,7.3,8.4,5.5,5.3,6.8,6.5,4.8,0.6,0.3,1.3,3.6,3,1.4,-0.3,-0.5,1.1,4.2,6.7,7.8,10,10.9
2008,04,10.8,7.3,6.3,6,5.7,4.3,2.1,5.6,12.4,12.7,14,8.9,10.4,12.4,7.1,6.4,5.1,8,7.4,8.6,12.2,8.3,11.8,12.2,8.5,10.5,12.3,15.4,10.8,12.9,
2008,05,12.5,11.5,10.1,10.5,13,12.9,12.8,15.7,15.7,15.8,16.6,17.4,17.3,15.4,15.5,15.8,17.3,12.2,9.6,9.5,9.7,11.2,13.8,15.2,16.4,17.2,20.4,19.7,19.8,23.3,24.6
2008,06,20.6,21.6,20.1,17.3,18,19,18,17.3,20.3,22.4,17.6,14.8,11.8,14.2,14,12.7,17,19.1,21,20.2,19.9,25.5,24.4,20.3,21.1,21.3,19.9,19.3,22.5,21.2,
2008,07,21.8,24.8,22.7,19.1,18.1,20.2,17.4,16.4,16.2,18.1,22.5,18.2,14.1,16.5,19.4,20.2,14.5,16.2,19.5,19.8,15.3,14.2,17.9,17.2,21.6,22.8,23,23.7,25.2,23.8,23.7
2008,08,24.5,21.2,22.7,20.4,20,20.6,25.1,21.2,15.9,20.6,22.5,22,19.3,21.6,13.5,12.6,16.2,19.9,24,18.4,20.1,21,16.7,15.9,16.1,19.3,19.3,19.4,18.1,17.8,17.8
2008,09,16.9,20.9,23.4,17.9,20.7,23.9,16.5,16.3,16.8,19.1,20.8,17.5,11.2,9.1,9.5,7.3,7.7,8.6,9.6,10.3,11,10.3,10.7,9.4,10.9,11.1,9.8,10.7,12.5,11.3,
2008,10,14.1,11.9,8.8,8.1,10.4,12.9,12.2,12.5,13.1,12.2,11,12.4,10.4,14.4,14.2,10.2,7.2,7.1,8.5,11.1,14.4,8.1,6.4,2.9,5.7,6.2,9.4,7.3,5.4,4.8,5
2008,11,5.5,8.3,9.9,7.5,10.2,8.5,9.1,7.9,9.4,8.9,8.7,7.3,5.7,3.4,7.6,7.9,1.8,1.4,6.5,7.2,2.5,-1.1,-0.8,1.4,0.1,1.7,3.7,1,1.4,1.5,
2008,12,5.1,3.9,3.5,2.8,4.3,3.8,3,2.1,0.7,0.8,2.1,0.2,2.3,5.1,5.6,5.4,4.9,2,2.6,4,4.2,6.7,4,4,0,-2.7,-2.3,-4.4,-5,-4,-6
2009,01,-4.6,-3.4,-7,-1.6,-3.6,-9.8,-6.6,-8.8,-10.8,-9.2,-7.7,-8.9,-8.8,-7.8,-0.9,-2.1,-2.2,2.7,2.9,2,1,0.1,2.5,2.5,1.1,0.2,0.7,-0.9,-0.7,-1.3,-1.5
2009,02,-1.5,2.7,2.9,0.5,0.1,2.1,2,1.6,0.2,4.2,0.4,-1.9,-3.2,-2.6,-3,-0.6,-3,-3.6,-2.9,-0.8,-0.1,1.7,2.1,0.8,2.6,3,4.8,6.4,,,
2009,03,4,5,5.4,5.7,7.1,5.8,4.2,4.2,3.6,4.5,3.2,3.3,5.7,6.9,7.3,6.4,7,5.2,2.2,0.5,1.2,5.2,6.7,1.2,1.4,5.1,6.9,9.3,6.6,6.7,5
2009,04,8.9,11.6,14.8,14.6,13.2,13.8,16,14.5,15.6,16.9,16.1,14.4,14.7,14.4,15.2,16.6,9,9.3,11.8,15,13.7,11,8.1,13,15.6,16.4,17.4,16.8,12.3,14.7,
2009,05,16.2,14.5,14.8,9,9.8,11.8,15.3,17.4,17.3,17.8,13.5,12.7,13.2,10.6,12.7,14.1,18.8,18.7,16.6,20.3,21.7,15.2,14.7,20.2,21.3,22.3,14.1,12,9.5,9.4,12.7
2009,06,16,15.4,12.3,10.8,11,12.1,15.6,17.4,18.4,17.7,14.8,10.7,16,20.2,21.6,15.9,17.2,21.7,17.4,15.2,14.7,13.6,15.4,15.1,17.7,19.4,19.4,18.7,19.2,19.9,
2009,07,20.9,20.7,21,20.7,21.7,19.3,18.9,15.6,16.1,15.2,14.3,19.3,21.9,22.6,21.6,23.8,22.3,14.4,15.4,15.9,20.5,23.8,23.4,22,16.1,17.5,21.5,18.7,20.3,22.4,18.6
2009,08,22.4,21.8,19.8,19.2,20,22,21.5,21.8,21.3,21.1,19.4,19.5,18.3,18.6,20.7,23.8,24.6,19.9,20.7,23.1,22.4,17.1,17.3,19.4,22,21.5,23.4,23.7,16.6,16,18
2009,09,22.3,21.9,20.1,16,13.4,14.6,16.2,17.4,17.4,19.1,16.3,15.2,12.9,14.1,18.1,19.2,17.3,17.8,17.8,16.1,18.6,18.9,19.2,15.1,13.1,12.7,13.9,15.4,15.5,11.8,
2009,10,13,10.8,12.1,14.5,12.6,17.1,20.3,16.7,9.9,10.1,11.6,7.1,4.5,3.5,1.5,3.5,4.1,4.4,3.2,4,5.3,8.5,8.5,9,9.3,11.8,11.3,10.1,9.2,3.2,0.3
2009,11,1.1,3.2,4,6.7,6.7,5.1,5.5,5.8,6.4,5.1,5.8,6.3,9.3,7.6,8.5,9.5,14.1,10,8.6,7,7.6,8,11.1,11.2,11.5,8.6,7.3,7.3,5.7,4.6,
2009,12,4.3,2.9,1.4,0.5,2.4,6,6.6,5.2,5.5,3.9,3.4,0.6,-2.7,-2.6,-1.6,-5.1,-7.6,-10.9,-11.1,-12.4,-3.4,-0.1,0.9,1.6,5,1.4,-2.2,2.7,-0.9,3,6
2010,01,0.4,-2.5,-3,-3.2,-5.9,-3.6,-4.1,-4.5,-4.1,-3.2,-6.9,-7.5,-3.9,-1.8,-0.9,-1.2,-1,1.6,1.1,-1.2,-6.4,-8.1,-8.2,-6.1,-6.7,-8.6,-9.7,-0.9,-0.2,-0.9,-4.2
2010,02,-2.5,-0.5,0.5,-0.8,0.1,0.5,-5.1,-6.9,-6.3,-3.8,-5,-4.1,-3,-5.7,-4.1,-4.1,-0.9,2,0.3,0.9,1.1,2.3,4.9,5.7,6.6,5.6,4.5,7.8,,,
2010,03,5.3,2.7,0.2,-1.4,-4,-4.9,-4.7,-4,-4,-2,-0.1,-0.1,2.9,3.9,1,2.1,4.6,8.2,9.2,11.6,12,9.1,10.8,11.1,13.1,12.7,7.6,8.6,10.1,12.5,6.8
2010,04,6.7,5.3,9,9.7,7.2,7.3,9.1,10.9,9.9,5.7,4.1,5.8,9.4,7.7,7.4,8.8,9,10.7,13.5,12.9,6.4,6.8,9.4,12.4,14.9,13.8,12.9,13.4,18,19.6,
2010,05,16,13.4,12.2,10,8.5,11.5,10.4,12.4,11.8,12.7,15.1,14.5,11.4,7.9,7.8,10.8,12.6,9.9,7.7,12.5,15,16.9,16.4,16.6,15.9,13.1,13.6,16.7,16,14.9,11.9
2010,06,10.6,11.3,12.9,16.4,18.9,21.8,20.5,20.7,21,25.1,24.1,21.6,16.4,15.8,17,15.5,18.1,15.6,13.5,13.8,14.5,16.6,16.7,18.4,19.3,20.3,20.4,20.6,22.8,21.8,
2010,07,23.5,25.1,25.1,25.2,21.3,15.9,18.1,21.1,24.8,26.8,27.8,28.3,25,26.7,23.7,28.4,22.5,16.9,19.9,21.3,25.3,25,19.8,16.1,14.7,18.4,18.7,18.6,16.9,16.3,18.8
2010,08,21.4,22.3,16.7,17.9,20.1,17.6,15.5,19.4,16.8,20.6,21.6,20.9,19.1,18.8,20.6,17.3,15.1,16.9,16,18.6,22.1,23.6,22.7,20.6,16.1,21.5,18.3,12.9,13.1,10.7,11.7
2010,09,12.2,12.7,13.9,12.8,11.3,11.2,12.3,13.4,14.8,14.5,14.7,14.9,13.5,13.3,14.4,12.7,11.1,10.8,10,12,13.3,14.1,14.7,15.7,14.1,9.4,9.1,10,8.9,6.9,
2010,10,8.8,11.5,11,11.5,12.2,12.2,12.8,11.1,9.3,7.7,5.6,6,4.4,4.8,7.7,7.9,7,5.4,6.7,5.7,4.2,5,7.7,7.5,4.1,3.4,4.1,8,8,4.4,5.1
2010,11,7.6,8.3,10.7,15,14.4,10.5,6.8,4.8,5.1,3.4,5.6,10.1,14.7,12.1,8.4,6.4,5.9,5.2,4,4.7,4.4,6.6,2.6,1.9,1.1,-0.7,-3.7,-2.4,-2.7,-5,
2010,12,-7.9,-8.8,-10.2,-7.5,-5.8,-1.7,0.4,1.6,-0.9,-2.4,2.3,0.4,-5.3,-4.9,-7.3,-8.4,-5.8,-6.9,-3,0.6,-1.6,-0.6,0,-0.3,-4.7,-7.2,-4.2,-5,-8.4,-11.2,-3.1
2011,01,0.4,0.1,-2.3,-6.5,-5.3,-2.3,5.2,4.3,4.3,1.9,1.2,3.8,7,9.4,7.6,6.6,-0.2,6.4,2,0,-2,-3.2,-2.1,-1.5,0.8,0.6,-0.7,-3.1,-5.6,-5.7,-8.9
2011,02,-7,-4.5,-1.7,4.1,8.1,7.5,7.2,4.4,0.9,1.8,8.3,-0.4,0.2,0.3,-0.3,-0.8,1.2,0.7,-2,-6,-7.6,-8.7,-9.1,-5.7,-4.7,-2,0.6,2.6,,,
2011,03,0.9,1.3,0.4,1.6,1.7,-0.3,-1.5,1.4,6.6,7,8.5,7.8,8.4,9.6,8.7,10.3,9.9,2.5,3.1,2.5,4,6.1,7.7,9.1,8.9,5.3,4.7,6.6,7.8,10.3,12.6
2011,04,13.7,14.3,16.2,9,11.2,14,16.4,12.9,9.4,11.3,13.3,9,4.7,6.2,8,8.6,10.5,10.6,12.6,14.5,15.6,16.7,18.1,16.3,9.2,10.5,11.9,14.7,13.5,13.1,
2011,05,12.3,9.5,2.8,5.3,8,11.8,14.2,12.8,15.6,16.7,19,15.6,13.7,14.5,9.6,12.1,15.8,18.4,20.3,18.5,19.3,20.4,18,18.8,15.1,21.5,13.6,12.6,17.8,20.8,21.8
2011,06,15.5,16.4,21.4,22.7,23.7,21.6,22.1,19.5,15.7,17.5,17.7,15.8,17.9,18.6,20.2,21.9,19.5,14.9,14.3,14.6,19.6,21.7,18.6,15.2,15.6,17.1,20.4,21.2,21.5,16.9,
2011,07,14.4,13.5,12.7,16.9,18.9,21.4,23.5,19.2,23.7,23.2,19.2,20.9,19.7,16.3,17.6,19.4,21,16.5,20.6,16.6,14.6,15.6,14.9,15.8,16.6,17.2,18.8,18.1,18.2,13.3,13.9
2011,08,16.4,19.3,21.2,20.4,19.4,21.1,17.3,17.4,13.8,12.5,17.6,19.8,18.2,20.4,16.7,18,20.1,23.7,21.5,18.5,22,24.4,25.3,26.3,22.5,25.6,14.5,15.6,16,14.1,14.8
2011,09,16,17.5,20.6,22.1,16.7,15.8,14.8,13,16.1,20.2,22.4,18.2,19.1,15.7,12.6,14.4,19,13,11,12.8,15.5,15.1,13.1,11.9,13.4,15.4,17.4,14,14.1,15.5,
2011,10,15.1,14.6,16.3,17.3,16,17.5,8.2,6.7,6.4,12.1,14.9,9.1,6.7,4.5,4.6,4.4,4.9,11.8,6,5.6,2.5,1,5,10.3,9.3,9.9,9.5,9.5,8.4,8.2,8
2011,11,6.3,6.2,7,7.6,9.1,10.1,8.8,8.7,8,5,0.2,0.5,-0.3,-0.8,-2.7,-1.5,0.9,5.8,4.1,2.7,3.8,0.9,-1,-0.8,-0.9,3.5,6.7,4,0.6,2.2,
2011,12,5.1,4.2,6.4,8.1,3.6,2.6,3.6,4,6.2,1.3,0.7,3.1,5.5,8.2,4.6,5.7,2.5,1.5,0.2,0.2,2.2,2.4,6.2,4.7,3.5,6.7,5.8,4.1,3.7,2.2,1.5
2012,01,8.3,8.8,6.5,4.9,3.9,2.9,3.2,3.8,2.7,4.3,5.3,6.3,0.7,1.1,-0.8,-2.1,1.2,1.6,4.4,1.6,1.9,4.6,3.8,0.5,-0.3,-2.8,-4.2,-1.9,-2.4,-3.7,-6.4
2012,02,-9.6,-11.7,-13.2,-11.6,-12.3,-13.5,-11.6,-10.4,-8.3,-11.8,-13.6,-12.6,-6.7,-3.5,0.8,-0.6,2.6,3.5,1.9,-1,0.9,3.1,5.2,8.1,6.5,2.6,1.9,5.7,9.7,,
2012,03,9.1,7.4,3.4,3.5,2.8,0.5,1.8,3.1,3.5,6.6,6.3,7.3,6.8,5.6,5.5,9.9,13.1,12.7,6.3,6.7,9.8,10,10.1,12.1,11.8,9,10.9,12.8,8.5,7.4,5.3
2012,04,4.7,7.2,11.3,12.3,5.5,4.7,2.8,0.5,6,10.8,10.6,6.2,9,9.2,7.5,5.6,4.6,7.7,8.4,8.9,10.1,8.4,9.9,9.6,11.7,17.4,20.5,21.4,22.9,21.3,
2012,05,22.2,20.6,16.6,16.6,14.1,12.3,11.3,14.9,18.5,21.4,23.6,10.8,7.2,10,11,9.1,8.1,12.2,17,20.5,22.2,21.1,22.5,20.1,17.6,17.4,18.1,16.3,18.9,18.9,16.7
2012,06,14,13.6,17.9,15.4,10.5,13.5,20.1,19.9,17.7,13.4,15.4,15.3,14.9,13,18.2,24,22.2,24.9,21.4,23.3,21.3,20.5,20.7,22.9,17.1,16.6,18.3,21.9,25.9,27.6,
2012,07,22.6,21.3,19.3,21.4,22.5,22.2,19.7,22.8,21.8,20.8,20.3,14.9,15.1,19,15.2,13.9,16.4,19.8,20.2,16.8,14.9,14.9,18.7,23.3,19.5,23.9,25.9,23.6,21.3,19.1,21
2012,08,23.1,26.3,19.9,22.7,24.7,21.1,17.4,18.6,17.2,16.7,15.5,16,15.8,17.9,19.4,17.3,18.6,21.6,26.2,29.3,25,21.8,21.3,21.5,22.4,18.1,17.4,20.1,22,22.2,14.3
2012,09,15.2,15.5,16.8,16.9,17.6,13.7,16.8,19.3,19.8,21.6,21,12.2,10.6,12.5,13.8,14.6,15.3,18.1,10.5,9.7,11,11,10.2,14.3,16,18,14.3,12.6,11.4,11.5,
2012,10,11.3,13.1,13.5,13.2,14.1,18,9.2,7.7,7.8,7.3,6.6,7.5,9,9.7,8,6.8,10.8,11.3,10,8.9,8.4,9.9,9.2,7.6,9,4.1,-0.1,0.5,-0.1,3.4,5.8
2012,11,5.8,7.9,10.8,9.4,7.5,3.9,7,7.7,6.5,4.7,6.5,8,5,0.7,0.8,4.5,4.7,3.7,4.1,5.4,6.7,7,6.6,5.6,8.7,6.6,6.2,6.9,2.3,1.1,
2012,12,-1.6,-0.9,-0.7,1.9,0.2,-2.1,-5.3,-6.5,-3.9,0.9,-3.6,-6.2,-4.5,-4.8,0.2,4.2,3,3.2,3,0.3,-1,0.9,2.2,9.3,6.5,6.5,7,0.3,1.7,2,4.7
2013,01,2.2,4,4.6,8.2,7.1,5.9,4,4.8,5,3.1,-2.2,-4.3,-3.6,-3.3,-3.9,-2.7,-3.1,-5.8,-6.4,-4.1,-4.1,-5.9,-5.2,-5.2,-8.5,-10.8,-2.7,1.8,4.1,9.1,6.5
2013,02,4.8,2.2,0.3,3.3,3.8,-0.2,-0.6,-0.9,-1.4,-1.9,-3,-2.2,-1.8,-1.3,0.1,0.5,0.3,0.2,-0.5,-2.4,-4.5,-5,-2.8,0.5,3.5,1.9,1.3,2.1,,,
2013,03,1.3,0.2,0.2,2.5,3.9,5.7,6.9,6.8,4.5,7.4,-2.6,-2.9,-4.1,-3.6,-3.7,-2.6,0.4,0.1,2,5.5,1.1,-1.9,-4.9,-4.5,-3,-2.4,-2.4,0.8,2.2,2.2,-0.1
2013,04,-0.3,0.6,0.7,1.4,1.7,2.1,2.1,4.3,6.7,7.9,10.7,9.7,10.9,11.3,14.4,15.8,16,19.7,11.7,8.7,13.4,14.5,14.5,15.8,18.1,19.6,12.7,8.6,11.5,12,
2013,05,10.8,12.9,10.4,11.7,13.5,15.4,17.5,18.2,18.5,13.1,11.9,12.4,9.7,14.6,17.5,19.3,18.5,15.6,16.5,14.3,14.2,9.9,8.3,8.5,8.1,7,9.8,13.5,12.2,10.1,11.4
2013,06,12.2,9.8,8.8,12.9,14.7,15.6,17.5,19.8,18.2,14.6,16.6,18.7,21.6,17.1,19.9,21.3,24.4,28,27.8,28.5,22.1,21,20.8,12.9,11.7,10.6,12.8,14.6,15.9,14,
2013,07,19,20.8,19.8,19.9,20.1,20.3,21,20.4,21.7,21.7,15.8,17,19.1,19.7,18,20.5,22,23.1,23.1,21.2,21.9,23.4,24,24.1,23.1,25.9,28.4,30.1,21.6,18.5,21.5
2013,08,23.8,26.6,29.1,21,22.6,26.6,24.6,24.4,16.4,17.6,17.7,19,17.6,15.8,16.9,19.3,21.7,24.1,17,14.2,15.5,16.3,17.6,18.2,15,14.9,14.5,15.5,15.9,16.7,18.9
2013,09,13.4,14.5,18.1,17.8,18.2,18.7,19.5,20.6,14.5,12.2,12.8,12.1,12.7,15.7,16.1,13.1,8.9,10.9,10,11.8,12.1,12.7,15.2,13.3,13.2,11.8,7.1,8.5,8.8,8.4,
2013,10,6.5,4.9,5.8,6.3,8.8,8.6,8.9,9.9,10.2,10.8,7.6,8.8,8.1,9,9.8,7.6,10.9,8.9,8.6,13.1,15.4,14.1,13.7,13.6,10.9,15.9,14.3,17,11.6,8,4.9
2013,11,6.6,11.3,9.2,9.4,5.5,8,13.8,13.7,8.3,5.7,5.6,2.9,2.5,1.3,3.2,4.4,2,4.9,7.1,4.6,4.8,6.6,6,3.5,-0.2,-0.4,-2.1,1.2,2.5,3.6,
2013,12,3.7,2.1,-1.9,-0.4,3.2,0.7,1.3,4.4,6.2,7.1,5,0.6,-0.6,2,3.7,2.2,-1.4,-2.4,-1.3,1.5,2,7,7.4,2.1,3,4,5.8,1.9,4.9,0.1,-1.7
2014,01,1.1,2.2,4.8,6.2,4.9,3.1,6.9,7.7,8.5,5,4.6,1.7,1.6,1.5,2.1,1.8,3.8,2.5,6.4,4.7,-0.7,-1.4,-2.4,-1.9,-8.4,-7.9,-2.3,-1.9,-2.6,-0.9,1.2
2014,02,1.3,0,-0.9,-0.8,0.7,3.5,3.2,6.1,4.5,2.9,4.1,1,4.8,3.5,5.5,6.2,4.4,3.4,6.2,6.4,6,5,4,4.7,2.1,3.7,4.9,4.8,,,
2014,03,4.2,5,5.7,6.3,6.7,6.1,4.6,6.7,6.9,6.6,8.8,7.1,8,9,7.6,10.8,10.7,10.6,9.6,13.6,16.2,13.8,4.6,3.4,3.8,5.6,8.7,8.3,10.1,11.1,10.7
2014,04,11.1,13.2,14,15,12.1,12.5,14.2,12.3,8.6,7.4,8.5,10.3,11.6,7.6,5.9,6.3,6.1,5.8,13.2,12.5,13.1,12.6,15.3,15.1,13.9,15.6,15.3,14.1,13.3,14.4,
2014,05,13.1,9.4,6.4,7.6,8.7,15.6,12.5,13.4,16.2,13.9,12.6,11.1,9.1,9,11.1,10.1,10.1,10.7,16.2,18.8,20.3,22.8,20.2,16.3,18.6,19.2,15.4,14.4,8.7,11.8,15.5
2014,06,15.2,15,15.4,17.7,16.7,18.7,22.7,25.5,26.7,27.2,24.4,20.9,17.6,15.5,15.5,17.2,16.7,18.9,18.2,13.7,14.3,15.8,17.2,17.4,12.7,15.2,18.4,19.9,16.5,13.8,
2014,07,16.4,18.2,20.7,23.7,22.2,24.9,23.9,21.1,15.9,13.7,17.3,17.9,18.3,20.3,22.8,23.1,23.4,24.7,25.9,27.1,22.4,24.3,21.3,18.6,21.6,22.4,23.5,21.1,20.9,21.4,19.3
2014,08,21.1,24.6,21.5,18.4,18.7,19.4,20.4,22.3,22.8,23.4,17.6,17.9,17,17.3,15.5,13.7,16.3,17,16.2,15.5,14.6,16.1,15.3,12.5,14.6,13.5,13.8,15,17.1,17.4,14.6
2014,09,13.8,13.7,15.5,18.8,19.3,20.6,19,18.8,17.2,14.8,14.2,15.8,17.1,16.7,18.4,17.4,17.7,16.7,18.5,16.5,15.9,10.9,8.6,10.7,11.7,13.2,13.7,13.2,14.7,15.9,
2014,10,15.1,14.1,12.7,10.8,12.5,11.9,11.8,13.9,15,14.2,15.1,14.5,15.8,14.1,12.1,14.2,13,12,14.4,14.6,11.9,6.5,9.5,7.8,6.5,8.7,4.9,3.7,4.3,7,9.9
2014,11,10.5,7.5,7.8,9.2,9.3,8.8,8.7,7.8,7,9.9,11.3,11.3,11.1,11,11.5,9.1,7.7,7.9,5.1,5.2,4.8,3.7,4.5,5.2,3.8,1.8,2.4,1.8,2.1,1.6,
2014,12,-0.7,-0.8,1.4,6.3,4.7,4.3,3.8,1.4,-2.4,0.1,4.5,7.1,8.7,8.3,7.9,5,3.8,9,9.2,4.2,5.1,7.3,9.3,6.8,4.2,-0.9,-4.2,-5.6,-5.3,-5.2,-0.6
2015,01,2.1,2.4,1.6,1.5,1.6,0.1,-0.6,5.3,7.5,12.4,3.5,5.2,8.2,5.4,3,3,2.9,2.7,1.5,0.4,0.9,3.7,0.1,-0.5,1.2,1,1.3,1.8,1.8,0.5,-0.3
2015,02,0.7,-0.6,0,-2.2,-2.8,-3.5,-2.2,-0.9,2.7,4.1,2.7,1,0.7,0.2,3.5,3.9,0.3,1.1,-0.4,2.7,3.4,1.3,3.3,4.7,2.6,2.5,1.8,2.1,,,
2015,03,3.8,5,4.9,3.9,3.1,3.7,6,7.4,5.2,7.4,4.4,3.5,3,2.8,5.6,8.6,9,6.5,5.3,5,6.7,3.3,4.9,7.3,10.9,10.3,7.1,6.2,9.7,5.1,5.6
2015,04,2.7,2.3,3.2,3.1,2.3,1.9,6.2,6.8,10,11.6,13.9,12.6,10,11.1,17,14.2,8.7,5.8,8.8,12,14.2,9.4,11.9,13.4,15,15.1,15.4,5.4,8.1,9.9,
2015,05,9.7,10.4,12.8,17.5,20.7,13.8,13.3,15.2,14.1,14.9,14.2,20.4,16.5,12.8,13.6,16.1,13.4,17,15.5,10,10.9,12.9,14.3,15,16.2,12.2,10.8,14.2,16.2,14.3,16.2
2015,06,19.4,22.1,23.5,19.1,22.1,26.1,19.1,15.6,11.5,16.7,19.2,24.1,20.6,19.8,17.3,15.1,14.4,15.4,11.6,12.8,13.7,14.9,11.1,14.8,17.1,18.8,17.5,17.9,19.4,22.1,
2015,07,23.2,24.7,26.4,28.2,27.2,24.2,28,20.6,16.5,16,20,22.1,18.2,18.8,20.3,23.8,24.4,27.9,25,23.1,27.5,29.9,22.9,24.8,20.4,18.5,18.3,19.9,16.2,17.1,18
2015,08,21.8,21.4,24.2,27.6,25.4,28.6,29.7,31.4,26.5,28.2,28.8,27.8,28.1,29.4,25.5,21,16.7,15.2,16,17.4,18.2,17.6,19,22,17.5,20.1,23.8,24,24.5,25.7,27.2
2015,09,25.2,17,17.1,15.6,14.7,12,11.4,13.5,11.9,11.5,13.4,16.6,18.5,16,17.1,19.8,20.7,15.7,16.5,12.4,12.6,14.9,12.6,13.1,14.5,14.1,12.6,12.3,11.3,10.2,
2015,10,8.7,11.8,13,13.1,14.6,14.2,14.1,13.4,10.6,8.8,4.8,2.6,2.7,5.2,9.9,7.6,6.1,6.3,8.4,6.8,8.3,10,8.6,6.6,8.7,10,10.1,8.6,8.8,9,9.7
2015,11,7.5,2.9,2.6,3.8,9.3,11.5,15.2,13,14,15,13.3,10.8,10.3,6.8,10.3,11.3,11.9,12.8,11.6,5.8,2.4,1.3,0.8,-1.1,1.2,2.4,2.5,1.1,5.7,7.9,
2015,12,7.8,8.9,6.2,5.5,5.7,7.5,7.6,2.3,3.9,1.6,3.7,5.1,5.2,2.3,4.8,5.1,9.4,9.2,9,4.2,6,10.4,8.9,5.3,10.4,11.2,9.1,9,4.8,0.7,-1.1
2016,01,0.9,-0.5,-4.6,-5.3,-3.4,-1.8,0.6,3.1,-0.4,3.3,4.1,4,3.4,1.2,0.8,-1.4,-2.3,-6.3,-8.4,-3.5,-5.7,-9.6,-2.5,3.6,6.4,7.3,10.8,6.5,6.5,8,3.8
2016,02,10.4,10.9,4.4,2.3,3.5,6.5,3.4,7.3,8.9,3.7,3.3,1.4,2.9,7,5.4,1.1,0.3,1.1,2.4,3.3,11.6,10.7,1.6,1.5,1.1,0,1.3,2.3,1.8,,
2016,03,-0.2,3.2,2.9,3.3,4.5,2.7,2.4,1.4,1.9,5.6,4.9,3.7,3,3.7,2.4,2.8,4.6,4.4,4,4.4,6.1,5.6,5.1,4.9,5.5,5.9,9.4,10.9,8.9,9.1,11.8
2016,04,4.4,9,12.4,13.6,17.1,12.3,12.5,9.6,7.1,6.4,9.4,12.6,12,9.5,9.1,11.7,9.5,9.5,8.6,8.6,10.6,10.3,6.5,3,3.8,4.7,5.1,5.4,9.3,12.6,
2016,05,12.5,13.2,12.6,7,13,16.3,16.7,15.9,17.2,16.8,16.1,14.4,16.7,12.7,7.9,8.4,10.1,13.9,15.5,16.4,17.7,21.9,18.5,16.1,14.5,17.6,18.7,18.6,20.5,20.6,15.5
2016,06,17.2,17.1,17.3,19.6,20,19.8,19,19.6,18.7,18.6,16.9,17.2,17.2,18.1,15.8,19.3,15.1,18.5,17.1,16.4,18.3,22.6,25.3,27.2,25.3,19.6,16.2,18.5,21.8,20.6,
2016,07,22.9,19,16.4,18.5,20.1,17.2,19.1,23.1,21.5,24.6,26.6,20,18.7,13.9,15,18.1,18.1,21.3,22.4,23,22.9,23.4,23.4,21.6,23.6,21.5,19.7,21.6,20.8,23.9,19.1
2016,08,18.9,16.8,20.9,25.5,16,18.4,20,23.5,14.9,12.9,14.1,15.2,20.5,20.7,19.7,17.8,15.6,17.9,20.4,21.4,17,17.1,21.1,20.9,22,23.3,23.8,25.6,19.8,17.9,18
2016,09,20.1,21.1,20.1,20.9,15.7,18,21,22.1,23.1,22.3,22.6,23.2,23.1,22.3,21.6,19.8,17.7,14.8,12.3,10.6,13,11.1,13.6,13.6,13.7,13.2,13.1,16.2,19.2,19.8,
2016,10,18.1,13,10.9,10.4,6.6,7.8,7.1,7.3,6.7,6.9,6.9,6.8,6.8,8.6,10.9,11.1,8.7,10.6,10.1,8.5,6.9,5.9,6.5,10.2,10.8,9.1,9.5,10.2,9.5,6.3,6.6
2016,11,9.5,6.2,3,4.8,5,4.7,3.6,1.2,0.2,2.2,2.2,-0.2,-2.2,-2.9,-0.1,7,9.4,9.3,5.8,4.8,3.5,6,7.3,7.4,5.7,4.3,3.6,-0.4,-2.6,-0.2,
2016,12,3.8,1.7,-2.4,-3.5,-4.2,-1.3,-1.1,5,5.9,8.1,6.1,3.6,1.4,4.5,1,0.1,-2,0.9,1.1,-1.5,-2.4,-3.1,0.6,4.1,6.2,6.6,4.8,3.9,-2.5,-3.1,-4
2017,01,-5.6,-1.2,0.4,0.9,-4.4,-8,-9.4,-4.5,-1.9,-7.1,-5.9,2.5,2.4,0.3,-0.9,-2.8,-3,-6.5,-10.1,-8.3,-6.3,-6.2,-6.3,-5.4,-2.5,-1.7,-5.6,-5.5,-7.4,-5.3,-3.8
2017,02,-3.7,-1.5,-0.6,1,3.3,0.7,-0.6,-2.8,-3.5,0.1,0.6,1.7,0.1,0.2,1.7,4.2,5,3.7,3.8,5.8,7.3,9.8,12.4,3.8,3,6.1,7.1,5.5,,,
2017,03,4.5,7.4,6.2,9.7,7.2,4.9,3.8,4.9,7.4,4.8,5.3,1.9,3.7,6.2,8,8,8.5,7,8.3,10.7,10.8,5.5,6,7.9,6.9,6.2,7.3,12.2,14.7,13.5,15.3
2017,04,15.3,14.5,10.3,8.3,10.2,7.4,7.5,11.5,13.3,14.7,8,9.4,9.6,10.4,9.9,5.8,4.1,3.7,2.1,3.2,8.9,6.8,6.2,9,9.7,4.3,6.5,4.7,7.6,9.6,
2017,05,11.7,10.5,12.9,11,10.4,14.4,13.6,9.7,4.7,8.9,14.4,15.7,15.2,14.2,15.7,18.2,19.3,21.5,21.7,14.9,15.9,16.3,18.3,14.4,14.7,18,19.6,21.7,24.4,21.4,19.9
2017,06,19.7,20.3,22.5,15.8,18.4,16.9,12.9,18,22.6,19,21.5,22.3,17.9,19.3,21.9,17.7,17.3,19.8,23.2,26.5,23.5,24.6,22.2,24.1,22.9,20.9,19.1,21.1,16.4,18.9,
2017,07,18.7,19.2,18.5,18.9,20.9,22,23.4,23.7,23.2,24,19.3,19.7,15.8,15.7,14.2,19.2,21.1,22.6,24.8,23.1,23.7,23.4,19.5,16.7,15.8,16.1,17.3,19,22.4,25,26.2
2017,08,28.3,25.2,22.3,23.4,24.5,19,19.4,21.4,22.2,22.1,15.1,16.8,18.6,19.2,22.9,18.6,20.4,25.3,17.9,16.2,14.9,15.5,15.5,20.3,22.2,22.3,21.1,18.6,19.3,22.9,20.6
2017,09,13,13.8,12.5,14,16.1,17.3,13.4,14.7,17.2,14.2,15.2,12.7,14.9,11.9,12.1,10.4,10.3,9.7,9.5,9.7,12,12.6,11.5,11.7,13.3,14.2,15.8,15.2,14.4,13.1,
2017,10,11.9,13.3,11.3,11.9,12.2,9.9,10,9.9,8.4,12.1,13.4,13.4,12.1,14,13.8,14.4,14.6,10.8,11.2,10.7,12.9,9.2,8.6,10.8,13,12.4,9.2,8,6,4.1,6.4
2017,11,7.4,10.5,7,5.6,6.7,6.2,6.6,6.1,7.2,6.7,4.8,3.3,3.2,2.2,5.1,3.2,3,4.2,4.1,3.2,6.5,7.5,6.4,10.5,5.7,2.2,3.3,4.9,3,0.8,
2017,12,-1.1,-0.9,-1.2,1.3,3.9,4.1,3.9,3.6,-0.3,-0.1,3.9,4,1.7,3.9,2.7,2,0.7,-2.1,-1.6,1,3.8,4.9,6.7,6.9,2,1.2,0.2,1.2,-1.1,3.1,10
2018,01,5,4.2,5.5,5.2,7.9,7.9,4.4,3.2,7.6,5.3,3.6,3.4,-0.5,-0.3,-1.1,2.1,0.9,3.8,1.7,0.9,-1,-1,3.8,7.4,5,1.6,2.4,6.9,8.3,2.5,6.1
2018,02,3.7,2.7,1.7,0.1,-2,-2.5,-0.1,-1.4,-1,0.3,2.5,1.6,-1.2,-2.4,-0.7,2.3,-0.4,0,-0.9,-0.6,-1.4,-2.4,-4,-6.2,-8.5,-9.8,-10.1,-10,,,
2018,03,-7.8,-5.7,-4.1,-2.2,-0.4,-0.1,4.2,5.1,4.9,10.3,10.9,7.6,8.6,4.2,5.9,2.6,-4.7,-5.3,-4.7,-1.2,-0.9,0.6,2.6,2.9,2.1,3.9,4.5,6.3,5.8,6.8,6.6
2018,04,5.6,7,13.9,14.5,10.8,6.9,11.5,8.2,13.1,15.1,15,18.6,13.3,14.4,17,12.8,13.8,14.4,16.3,18.7,19.2,18.7,18,15.9,15.5,11.9,12.9,18.3,19.5,17.4,
2018,05,13.9,16.6,15.2,15.3,15.3,15.2,17.1,18.3,18.7,19.6,17.4,17.9,20.3,18.2,14.6,12.4,13.5,14.6,15.5,17.1,17.4,18.9,19.9,18.8,18.9,21.4,22.8,23.9,24.5,20.7,24.1
2018,06,19.7,21.1,21,22.3,20,20.7,22.7,23.8,22.2,20.6,22.2,18.8,14,14.8,18.3,20.4,20.8,19.6,21.1,22.5,20.8,11.2,12.9,13.6,16.7,16.3,17.2,17.1,23.1,16.6,
2018,07,15.4,17.7,20.5,22.6,22.5,19.2,19.6,20.7,22,16.5,15.9,17,21.2,22.3,23,19.5,23.2,23.3,21.9,22.8,22.4,22.7,24,25,25.1,25.4,24.4,25.7,26.7,27.2,28.7
2018,08,28.9,27.7,27.6,24.7,22.2,23.1,27.3,25.1,27.6,18.7,19.3,21,24.2,21.5,21.5,22.8,23.8,24.1,25.8,25.2,22.6,25,26.1,19.5,16.2,14.9,18.3,19.6,21.5,18.4,16
2018,09,14.1,16.8,19.2,20.5,20.1,18.9,18.2,16.9,17.9,20.1,21.4,22.5,16.5,15.8,15.1,15.1,17.3,21.1,20.9,21.5,19.7,14.1,14,9.1,6.7,9,16,12.9,7.8,9.5,
2018,10,7.1,8.9,11.5,10.6,11.4,12.9,13.3,10.8,12,15.3,16.6,14.4,14.9,16,15,12.2,11.6,12.2,11.7,10.5,6.9,8,8.8,9.1,12.3,9.7,7.8,3.4,6.5,13.5,9
2018,11,9.1,8.5,9.5,11.8,11,11.1,9.3,10.6,9.5,9.2,9.8,9.3,8.6,5.4,5,2.2,1.8,-0.5,0.3,0.4,1.6,2.8,4.3,5.7,3.3,3.3,-2.1,-3.4,-2.8,-1.4,
2018,12,0.2,2.5,10.1,4.9,0.6,2.1,10.8,6.5,6.9,3,1.9,0.5,-2,-1.9,-1.3,-2.4,2,2.1,0.4,1.7,7.5,8.3,6.2,1.3,2.8,3,4.4,4.7,2.6,4.8,4.2
2019,01,5.1000000000000005,0.6,-2.4,-0.9,4.5,0.3,1.7,3.5,0.5,-0.4,-1.7,2.5,4.7,1.1,3,3.7,5.7,-2.5,-4,-2.6,-4.9,-4.8,-5.5,-4.2,-3.3000000000000003,1,3.6,3,0.4,-1.1,-0.3
2019,02,1.1,2.5,-0.2,-2.1,-2.6,-1.8,-1.8,3.3000000000000003,5.1000000000000005,4.8,3.6,1.5,4.8,5.3,5.1000000000000005,4.7,4,4.3,5.7,5.4,6.8,2.2,-2.4,0,7.5,8.4,7.2,11,,,
2019,03,8,4.4,9.5,9.8,4.9,6.8,9.1,6.8,7.7,8.700000000000001,2.8000000000000003,4,7.1000000000000005,5.4,8.700000000000001,7.6000000000000005,10.4,4.5,4.5,5.3,7.6000000000000005,10.200000000000001,13.200000000000001,8.6,5,5.9,6.4,8,8.8,9.8,9.6
2019,04,7.1000000000000005,10.6,13.4,14.5,13.5,11.200000000000001,10.5,13.1,9.700000000000001,6.6000000000000005,4.3,3.4,4.6000000000000005,4.5,8.4,9.700000000000001,11.200000000000001,13.3,15,14.5,13.6,12.8,12,17.2,19.7,15.8,10.5,10.200000000000001,7.8,11.8,
2019,05,11.9,14.5,8.700000000000001,5.6000000000000005,6.7,6.4,8.5,13.6,13.3,13.200000000000001,12.4,9.9,9.9,8.4,5.9,8.3,12.5,15.700000000000001,18.2,13.9,15.700000000000001,12.5,13.8,15.6,16.4,17.2,18.2,13.1,11.5,13.8,17.2
2019,06,21.6,23,24,23.8,24.2,20.7,19.400000000000002,18.3,20.5,25.1,26.2,24.400000000000002,21.7,25.400000000000002,24.6,20.2,21.5,23.1,23.400000000000002,22.400000000000002,22.3,21.2,21.8,23.8,26.7,30.6,24.8,20.5,23.1,29.8,
2019,07,27.7,21.3,18.5,20.400000000000002,21.3,24.900000000000002,17.5,16.5,14.9,18.2,19,16.7,16.7,18,17.900000000000002,17.400000000000002,19,21.400000000000002,18.8,25.6,19.400000000000002,23.400000000000002,26.400000000000002,27.1,28.2,26.6,23.400000000000002,24,24.3,23,18.900000000000002
2019,08,21.7,20,17.900000000000002,19.2,21.1,22.2,20.5,20.5,24.400000000000002,18.6,22.6,16.9,18.5,15.5,17.3,16.5,19.7,24.400000000000002,19.900000000000002,18.2,17.1,17.7,19.1,22.5,23.3,23.900000000000002,23.900000000000002,24,22.900000000000002,23.7,24.900000000000002
2019,09,20.5,14.9,15.8,17.8,18,15.5,13.4,13.6,12.6,14,15.700000000000001,17,17.900000000000002,14.8,17.8,16.1,14,10.200000000000001,8.8,9.9,13.1,14.6,13.5,15.6,14.700000000000001,15.5,16.3,14.700000000000001,18,15.6,
2019,10,16.1,9.4,8.700000000000001,9,8.4,7.8,4.9,10.1,11.700000000000001,9.8,12,16.3,17.7,14.5,11.9,12.8,12,14.8,13,11.4,12.1,12.4,12.6,10.200000000000001,12.3,12.9,12.3,7,4.8,3.1,0.6
2019,11,4.3,9.700000000000001,8.700000000000001,10.8,8.1,8.6,8.5,7.5,5.5,1.1,1.7,2.7,2.4,3,8.3,7.5,11.8,6.4,5,6.5,8.4,8.8,7.6000000000000005,6.3,5.5,4.9,5.2,9.4,5.9,2.4,
2019,12,0.5,2.3000000000000003,2.1,1.1,-0.9,1,7.1000000000000005,8.4,7.2,2.1,-0.8,0.1,1.4000000000000001,5.6000000000000005,8.8,6.8,1.2,3.7,1.9000000000000001,5.6000000000000005,5.5,3.4,6.2,4.7,5.6000000000000005,3.7,2.5,0.4,-1.5,2.2,4.1
2020,01,-0.3,-3.8000000000000003,3.4,3.9,0.8,0.1,1.6,4.4,7.4,7.7,2.4,2.1,4.2,2.7,0.4,1.3,0,2.1,2.2,1.9000000000000001,-2.3000000000000003,1.1,0.5,-1.1,0,0.1,4,4.3,2.5,4.1,11.3
2020,02,11.700000000000001,9.700000000000001,9,3.2,0.4,1.8,4.1,2,6.8,7.6000000000000005,3.6,2,3.4,6.1000000000000005,5,8.6,9.8,6,4.7,4.8,3.8000000000000003,9.4,11.200000000000001,5.4,8.3,4.3,3.7,2.1,5,,
2020,03,7.1000000000000005,8.2,4.3,4,6,6.5,4.4,5.9,6,5.7,10,11.8,7,3.5,4.5,7.9,9.4,9.700000000000001,10.4,9.6,2.5,-0.5,-0.5,0.8,1.6,4.4,10.5,9.4,3.6,0.9,0.4
2020,04,2.3000000000000003,6.1000000000000005,6.3,8.1,9.6,13.9,13.3,13.3,14,12.4,11.700000000000001,14.1,8,3.6,9.5,14.3,14.700000000000001,14.4,10.4,9.9,11.3,12.1,13.8,15.4,8.4,10.5,15.200000000000001,17.400000000000002,12.700000000000001,15.3,
2020,05,12.9,10.9,10.6,11.200000000000001,7.4,9.700000000000001,13.1,16.6,16.9,17.5,7.2,7.6000000000000005,9.1,10.8,11.3,13.3,14.3,16.5,18.3,15.4,15.200000000000001,15.5,13.5,13,11.200000000000001,13.5,15.200000000000001,12.200000000000001,14.8,13.5,11.700000000000001
2020,06,17.7,15.3,17.2,15.5,14.4,14.3,13.4,15,16.7,14.3,17.400000000000002,21,22.1,18.2,20.3,21,20.5,16.6,15.8,15.4,17.7,21.3,19.400000000000002,15.9,20.3,20.1,22.8,24.7,17.3,20.5,
2020,07,24.7,19.6,19.3,21.3,23,19.900000000000002,16.1,14.8,20.8,25.400000000000002,15.4,16.9,17.7,19.7,18.3,15.4,16,17.5,20.8,22.7,21,19.8,19.7,22.1,22.6,19.6,22.900000000000002,26.5,22.400000000000002,22.7,23.400000000000002
2020,08,24.1,20.2,17,14.1,18.6,21.6,24.3,25.2,26.1,22.5,22.6,24.1,25,21.6,21.8,21.900000000000002,21.2,19.7,20.1,22.400000000000002,26.900000000000002,20.6,18.2,18,18.400000000000002,21.6,16.6,17.400000000000002,16.7,16.5,15.4
2020,09,13.5,14.3,16.6,20.8,18.6,16.1,14.5,16.7,19.400000000000002,16.5,16.8,18,19.7,20.6,22.5,21.8,16.1,13,14.3,15.700000000000001,16.4,18.7,17.2,17.400000000000002,12,7,8.9,7.9,10.9,11.5,
2020,10,11.3,14.6,16,12.8,10.700000000000001,12.6,12.1,13.5,14.9,9.200000000000001,6,7,6.4,7.2,9.4,8.1,6.7,8.1,8,7.5,8.8,11.6,13,12.5,10.9,11.200000000000001,7.8,7.9,7.4,11.4,11.4
2020,11,10.200000000000001,16.4,13.200000000000001,8.6,3.7,3.2,1.8,2.5,3.3000000000000003,4.6000000000000005,4.8,6.4,7.9,9.5,6.6000000000000005,8.700000000000001,10,9,6.7,3.5,1,4.6000000000000005,4.4,-0.3,0.2,-0.2,-0.3,0.6,1.8,0.1,
2020,12,-0.9,-1.8,-2.2,1.5,5.3,9.9,7,3.9,5,3.8000000000000003,2.7,2.9,4.3,4.8,3.2,3.5,2.2,2,1.3,1.7,2.5,9.200000000000001,10.8,6.2,1.6,0,-1.1,1,2.8000000000000003,0.5,1
2021,01,-0.8,-1,2.4,2.7,1.3,0.3,0.2,-0.3,-0.2,-0.2,-2.2,0.7000000000000001,1,-0.3,-1.4000000000000001,-4.4,-3.4,0.4,2.6,5.2,3.8000000000000003,6.9,2,1.1,0.6,-0.2,-0.4,1.7,4,-0.3,-2.9
2021,02,-0.1,5.6000000000000005,8.9,6.6000000000000005,3.1,-0.4,-4.9,-6.5,-7.2,-9.1,-6.2,-9.3,-7,-7.5,-7.9,1.8,5.6000000000000005,6.4,5.9,5.3,3.4,3.8000000000000003,3,4.8,6.6000000000000005,5.1000000000000005,3.6,4.1,,,
2021,03,1.4000000000000001,0.8,1.8,6,0.5,-0.2,1.2,0.3,-0.5,1.2,7.7,5.8,7,4.1,3.6,3.4,2,2.8000000000000003,0.5,-3.1,2.5,3.8000000000000003,4.5,6.3,8.4,10.8,7.1000000000000005,6.8,13.1,13.8,15.200000000000001
2021,04,14.4,6.5,4.6000000000000005,5.1000000000000005,4.5,0.3,2.3000000000000003,2.8000000000000003,8.8,10.200000000000001,12.5,3.1,4.7,4,2.4,3.3000000000000003,3.8000000000000003,7.8,7.9,10.4,9.9,7.2,7.2,7.8,7.3,6.2,8.3,12.700000000000001,12.9,11.9,
2021,05,10,7.2,7.7,12.5,7.9,7.8,6.5,10,17.900000000000002,21.3,21.5,13.700000000000001,9.5,10.4,11.5,12.4,11.8,12.200000000000001,10.200000000000001,10.1,13.3,13.700000000000001,11.700000000000001,13.1,10.1,10.8,11.8,11.9,11.6,10.6,14.3
2021,06,15.9,17.400000000000002,19.3,22.6,20,18.7,20.7,21.6,17.5,17.900000000000002,20.7,19.1,13.3,17.8,21.900000000000002,23,25,25.900000000000002,26.6,27.2,26.400000000000002,18.1,18.5,20.2,18.1,19.400000000000002,20.3,22.900000000000002,20.2,18.7,
2021,07,17,14.9,19.3,19.7,19.6,23.900000000000002,19.6,18.8,18.3,19.400000000000002,18.2,20.1,21.1,18.2,18.7,22.1,20.900000000000002,21.400000000000002,18.1,16.6,18.400000000000002,19,21.1,22.8,23.1,21.6,22.2,19,20.900000000000002,21.5,21.1
2021,08,15.4,16.1,17.6,17.900000000000002,15.6,17.5,18.400000000000002,17.7,18.6,20.1,20.3,20.2,23.400000000000002,23.900000000000002,23.8,21.400000000000002,14.8,16.2,18.400000000000002,18.1,19.1,18.5,15.200000000000001,14,15.8,13.9,12.8,12.4,13,14.1,14.3
2021,09,15.3,15.700000000000001,16.3,17,17,18.900000000000002,17.1,18.400000000000002,19.2,19.2,18.1,18,17.5,18.1,19.2,18,14.5,14.3,11.3,11.6,11.700000000000001,12.3,16.6,15.5,16,17.2,16.8,15.9,14.3,9.4,
2021,10,11.200000000000001,14.200000000000001,13.1,14.5,14.6,12,12.6,10.9,7,4.7,7.3,7.4,5.2,8.1,10.700000000000001,6.8,5.9,10.1,13,17.3,12.3,8.4,6,5,4.2,8.3,7.7,7,7,6.8,9.1
2021,11,7.2,7.7,6.9,8.1,6,6.2,5.4,7.1000000000000005,6.1000000000000005,3.1,4.4,4.3,4.7,5.4,4.6000000000000005,5.9,5,6.7,7.8,8.4,4.5,4.2,3,4.3,1.5,1.3,1.8,0.2,0.9,2.5,
2021,12,7.4,2.5,-0.6,0.6,2.3000000000000003,0.1,0.2,-0.4,-0.1,-0.6,0.5,1.4000000000000001,5.2,5.7,6.2,6.9,3.8000000000000003,3.4,4.7,1.1,-1.7,-2.9,-1.1,7,-2.4,-5.7,-1.4000000000000001,1,5.8,10.8,12.1
2022,01,10.200000000000001,8.2,8,7,2.8000000000000003,-0.7000000000000001,-0.8,0.6,1.8,2,-2,-1.3,1.1,4.1,0.6,-0.4,2.8000000000000003,0.7000000000000001,1.7,0.2,-1.3,1.6,3.3000000000000003,3,2.2,1.1,1.1,3.2,4.4,4.5,1.9000000000000001
2022,02,1.8,3.8000000000000003,4.2,6.5,2.8000000000000003,5.4,3.5,5.3,7.2,7.7,4.4,1.7,3.1,2.5,5,7.8,8.2,7.9,4.8,7.6000000000000005,6.8,5.4,5.9,7.4,3.3000000000000003,3,1.7,-1.3,,,
2022,03,-0.4,-0.7000000000000001,1.2,-0.4,0.9,-1.1,1.3,2.7,4,1.2,0.9,2.5,5,5.7,6,8.4,8.4,7.3,4.3,5.8,6.3,8.9,9.6,10,8.8,11.8,11,12.3,9.4,5.6000000000000005,3.6
2022,04,1.5,2.3000000000000003,0,2.6,7.1000000000000005,11.200000000000001,10.5,6.1000000000000005,4.2,3.7,6.6000000000000005,10.3,14.3,15.200000000000001,9.5,6.8,7.3,8.4,4.6000000000000005,4.8,7.7,8.9,11.200000000000001,8.3,7,10.1,11.5,12.5,12.3,11.9,
2022,05,13.1,14.4,14.700000000000001,15.700000000000001,14.6,15.200000000000001,14.700000000000001,15.9,16.7,18.6,21.8,20.8,17.5,17.2,17.400000000000002,18.8,16,17.8,21.1,21,17.5,16.9,18.7,16.4,15.1,16.5,13.8,12.3,9.4,12.5,15.200000000000001
2022,06,18.1,17.5,21.900000000000002,19.6,22.1,20.7,16.9,20.400000000000002,16.8,20.1,21.1,24.2,16.4,17,21.7,21.7,20.3,26.5,29.900000000000002,19.5,17.5,22.5,24.2,19.8,18.7,23.400000000000002,24.6,21.5,19.2,23.8,
2022,07,18.1,19,23.1,22.1,21.3,18.8,15.700000000000001,16.9,15.9,14.5,16.5,17.6,23.3,20.7,17.2,17.900000000000002,18.7,21,24.900000000000002,26.900000000000002,23.6,25.5,20,21.8,26.8,23.2,17.400000000000002,20.400000000000002,21.5,17.2,21.5
2022,08,20.7,22.900000000000002,24.900000000000002,25.900000000000002,26.8,17.8,18.6,19.400000000000002,20.5,20.7,20,21.3,20.900000000000002,22.7,22.5,24.2,25.3,26.400000000000002,21.2,16.9,19.1,15.700000000000001,16.9,20.5,21.2,20.7,19.5,17.6,18,18.3,17.3
2022,09,16.5,15.8,16.6,19.2,19.1,18.7,19.6,16.1,15.3,15.3,14.5,15.1,16.9,17.2,14.3,11.8,9.6,9.6,10.1,8.4,9.5,10.1,9.3,12.5,12.9,12.3,10.3,8.1,9.4,10.700000000000001,
2022,10,10.6,11.4,12.1,12.1,14,12.1,12.5,12.200000000000001,8.8,12.1,10.200000000000001,10.5,11.6,12.4,13.9,16.8,15.1,12.9,9.4,7.1000000000000005,9,12,12.200000000000001,14.1,12.6,10.6,13.4,14,14.1,11.700000000000001,10.8
2022,11,11,10,8.6,7.9,7.1000000000000005,4.9,10,9.8,8.2,9.3,7.7,4.9,4.2,5.1000000000000005,3.4,5.8,5.3,0.7000000000000001,-2.6,-0.7000000000000001,2.3000000000000003,1.5,3.9,5.3,4.2,6.1000000000000005,0.2,2.7,3.2,1.6,
2022,12,1,0,0.8,5.1000000000000005,4.6000000000000005,3,2.5,1.8,-0.3,0.4,-3,-3.7,-9.6,-5.1000000000000005,-4.5,-2.9,-3.7,-8.700000000000001,-2.3000000000000003,-0.8,1.3,7.2,8.2,7.9,8.1,9.9,3.4,4.8,9.6,7.7,14.700000000000001
